Reported_Power_Median,Measured_Power_Median,Ratio_Median_Power,Enb_Config,Non_Enb_Config,Round,Total_Tx_Power,Negative_Power_Headroom_Percentage
-45.051,-110.945,65.89399999999999,2,1,1,-29.0,0.0
-44.792,-110.88600000000001,66.09400000000001,2,3,1,-34.0,0.0
-46.051,-112.139,66.088,2,5,1,-29.0,0.0
-44.041000000000004,-111.37200000000001,67.33100000000002,2,7,1,-31.5,0.0
-36.0,-102.111,66.111,2,8,1,-26.0,0.0
-46.031000000000006,-112.14,66.109,2,9,1,-31.5,0.0
-36.0,-101.84299999999999,65.84299999999999,2,14,1,-26.0,0.0
-46.031000000000006,-111.85,65.81899999999999,2,15,1,-37.0,0.0
-46.0,-112.12299999999999,66.12299999999999,2,17,1,-36.0,0.0
-46.0,-112.125,66.125,2,19,1,-36.0,0.0
-46.0,-111.985,65.985,2,23,1,-36.0,0.0
-45.031000000000006,-111.145,66.11399999999999,2,25,1,-36.0,0.0
-36.0,-101.95299999999999,65.95299999999999,2,26,1,-26.0,0.0
-46.062,-112.24,66.178,2,27,1,-29.0,0.0
-45.0,-110.899,65.899,2,29,1,-35.5,0.0
-46.062,-112.089,66.027,2,31,1,-28.5,0.0
-12.030999999999999,-76.937,64.906,2,1,2,0.0,0.0
-32.062,-96.823,64.761,2,2,2,-14.0,0.0
-10.041,-75.468,65.427,2,3,2,2.0,0.0
-10.041,-75.709,65.668,2,4,2,2.0,0.0
-33.031,-97.82700000000001,64.79600000000002,2,5,2,-21.0,0.0
-17.802,-82.23899999999999,64.43699999999998,2,6,2,-2.5,0.0
-10.782,-75.923,65.141,2,7,2,-1.5,0.0
-31.01,-95.75200000000001,64.742,2,8,2,-19.0,0.0
-28.031,-92.844,64.81299999999999,2,9,2,-12.0,0.0
-10.041,-77.15899999999999,67.118,2,10,2,2.0,0.0
-12.770999999999999,-79.995,67.224,2,11,2,2.0,0.0
-16.062,-81.191,65.129,2,12,2,2.0,0.0
-12.770999999999999,-79.62100000000001,66.85000000000001,2,13,2,2.0,0.0
-10.041,-76.15,66.10900000000001,2,14,2,2.0,0.0
-30.031,-94.84200000000001,64.811,2,15,2,-13.5,0.0
-16.062,-81.202,65.14,2,16,2,2.0,0.0
-18.021,-82.735,64.714,2,17,2,-12.0,0.0
-4.021,-69.425,65.404,2,18,2,2.0,0.0
-27.021,-91.823,64.80199999999999,2,19,2,-21.0,0.0
-4.021,-68.96300000000001,64.94200000000001,2,20,2,2.0,0.0
-10.01,-74.884,64.874,2,21,2,-7.0,0.0
-8.01,-72.71300000000001,64.703,2,22,2,-2.0,0.0
-8.01,-72.898,64.88799999999999,2,23,2,-5.0,0.0
-18.01,-82.79799999999999,64.78799999999998,2,24,2,-15.0,0.0
-9.021,-73.668,64.647,2,25,2,-3.0,0.0
-32.0,-96.836,64.836,2,26,2,-22.0,0.0
-27.031,-91.912,64.881,2,27,2,-13.0,0.0
-17.062,-81.792,64.73,2,28,2,0.0,0.0
-10.01,-74.89399999999999,64.88399999999999,2,29,2,-7.0,0.0
-1.01,-66.221,65.211,2,30,2,2.0,0.0
-30.031,-94.956,64.92500000000001,2,31,2,-19.0,0.0
-15.324000000000002,-81.033,65.709,2,32,2,2.0,0.0
-44.051,-110.354,66.303,2,1,3,-28.0,0.0
-31.061999999999998,-98.34100000000001,67.27900000000001,2,2,3,-13.0,0.0
-43.792,-111.46600000000001,67.674,2,3,3,-33.0,0.0
-28.051,-95.36,67.309,2,4,3,-12.0,0.0
-44.041000000000004,-111.631,67.59,2,5,3,-28.0,0.0
-28.061999999999998,-95.36399999999999,67.30199999999999,2,6,3,-10.0,0.0
-44.021,-110.28200000000001,66.26100000000001,2,7,3,-32.0,0.0
-25.01,-91.24600000000001,66.236,2,8,3,-13.0,0.0
-44.041000000000004,-111.535,67.494,2,9,3,-30.0,0.0
-25.031,-91.316,66.285,2,10,3,-11.5,0.0
-44.062,-111.605,67.543,2,11,3,-26.0,0.0
-28.061999999999998,-95.354,67.292,2,12,3,-10.0,0.0
-43.021,-110.56700000000001,67.546,2,13,3,-30.0,0.0
-25.051,-91.33200000000001,66.281,2,14,3,-8.0,0.0
-44.062,-111.602,67.54,2,15,3,-26.0,0.0
-31.061999999999998,-98.335,67.273,2,16,3,-13.0,0.0
-42.021,-109.521,67.5,2,17,3,-35.5,0.0
-28.0,-95.35600000000001,67.35600000000001,2,18,3,-18.0,0.0
-35.021,-102.36399999999999,67.34299999999999,2,19,3,-29.0,0.0
-41.021,-108.32799999999999,67.30699999999999,2,21,3,-35.0,0.0
-24.781999999999996,-92.234,67.452,2,22,3,-17.0,0.0
-38.01,-105.522,67.512,2,23,3,-35.0,0.0
-31.0,-98.348,67.348,2,24,3,-21.0,0.0
-35.021,-102.29799999999999,67.27699999999999,2,25,3,-29.0,0.0
-31.0,-98.359,67.359,2,26,3,-21.0,0.0
-45.062,-112.35700000000001,67.29500000000002,2,27,3,-27.5,0.0
-27.061999999999998,-94.441,67.379,2,28,3,-10.0,0.0
-38.01,-105.40899999999999,67.399,2,29,3,-35.0,0.0
-24.781999999999996,-92.15100000000001,67.36900000000001,2,30,3,-17.0,0.0
-44.062,-110.369,66.307,2,31,3,-27.0,0.0
-28.061999999999998,-95.402,67.34,2,32,3,-10.5,0.0
-38.041,-105.67399999999999,67.633,2,1,4,-21.0,0.0
-30.061999999999998,-97.725,67.663,2,2,4,-12.0,0.0
-38.041,-105.624,67.583,2,3,4,-23.0,0.0
-30.041,-97.693,67.652,2,4,4,-15.0,0.0
-40.062,-107.681,67.619,2,5,4,-23.5,0.0
-28.061999999999998,-95.68,67.61800000000001,2,6,4,-10.0,0.0
-40.031,-107.585,67.554,2,7,4,-22.0,0.0
-32.021,-99.669,67.648,2,8,4,-18.0,0.0
-45.031000000000006,-112.565,67.53399999999999,2,9,4,-32.0,0.0
-28.051,-95.667,67.616,2,10,4,-12.0,0.0
-38.031,-105.59100000000001,67.56,2,11,4,-22.0,0.0
-24.061999999999998,-91.714,67.652,2,12,4,-6.0,0.0
-34.031,-101.641,67.61000000000001,2,13,4,-19.0,0.0
-32.062,-99.691,67.629,2,14,4,-14.0,0.0
-42.062,-109.58200000000001,67.52000000000001,2,15,4,-24.0,0.0
-24.061999999999998,-91.68,67.61800000000001,2,16,4,-6.0,0.0
-34.021,-101.62100000000001,67.60000000000001,2,17,4,-28.0,0.0
-27.781999999999996,-95.635,67.85300000000001,2,18,4,-20.0,0.0
-38.021,-105.645,67.624,2,19,4,-32.0,0.0
-28.031,-95.637,67.606,2,20,4,-19.0,0.0
-38.01,-105.72200000000001,67.71200000000002,2,21,4,-35.0,0.0
-24.021,-91.546,67.525,2,22,4,-18.0,0.0
-42.01,-109.557,67.547,2,23,4,-37.5,0.0
-24.021,-91.449,67.428,2,24,4,-18.0,0.0
-34.021,-101.618,67.597,2,25,4,-28.0,0.0
-28.031,-95.664,67.63300000000001,2,26,4,-19.0,0.0
-37.031,-104.70100000000001,67.67000000000002,2,27,4,-22.0,0.0
-32.062,-99.75299999999999,67.69099999999999,2,28,4,-15.0,0.0
-40.01,-107.756,67.74600000000001,2,29,4,-37.0,0.0
-28.031,-95.48299999999999,67.452,2,30,4,-19.0,0.0
-40.041,-107.637,67.596,2,31,4,-25.0,0.0
-27.061999999999998,-94.70299999999999,67.64099999999999,2,32,4,-9.0,0.0
-30.021,-94.191,64.17,4,1,1,-24.0,0.0
-10.021,-74.158,64.137,4,2,1,-4.0,0.0
-30.021,-94.2,64.179,4,3,1,-24.0,0.0
-8.021,-72.09100000000001,64.07000000000001,4,4,1,-2.0,0.0
-30.021,-94.18,64.159,4,5,1,-24.0,0.0
-9.021,-73.117,64.096,4,6,1,-3.0,0.0
-28.021,-92.20200000000001,64.18100000000001,4,7,1,-22.0,0.0
-8.021,-72.10600000000001,64.08500000000001,4,8,1,-2.0,0.0
-28.021,-92.182,64.161,4,9,1,-22.0,0.0
-8.021,-72.1,64.079,4,10,1,-2.0,0.0
-28.021,-92.167,64.146,4,11,1,-22.0,0.0
-8.021,-72.112,64.091,4,12,1,-2.0,0.0
-30.021,-94.212,64.191,4,13,1,-24.0,0.0
-8.021,-72.077,64.056,4,14,1,-2.0,0.0
-30.021,-94.193,64.172,4,15,1,-24.0,0.0
-9.021,-73.125,64.104,4,16,1,-3.0,0.0
-29.781999999999996,-93.581,63.79900000000001,4,17,1,-22.5,0.0
-8.031,-72.196,64.16499999999999,4,18,1,8.0,0.0
-28.021,-92.22,64.199,4,19,1,-22.0,0.0
-10.062000000000001,-74.22800000000001,64.16600000000001,4,20,1,8.0,0.0
-30.021,-94.29799999999999,64.27699999999999,4,21,1,-13.75,0.0
-8.021,-72.16,64.139,4,22,1,0.0,0.0
-28.01,-92.26100000000001,64.251,4,23,1,-16.0,0.0
-8.021,-72.09100000000001,64.07000000000001,4,24,1,-2.0,0.0
-28.031,-92.26,64.22900000000001,4,25,1,-12.0,0.0
-8.021,-72.117,64.096,4,26,1,-2.0,0.0
-30.061999999999998,-94.3,64.238,4,27,1,-12.0,0.0
-9.021,-73.175,64.154,4,28,1,-1.0,0.0
-28.021,-92.22,64.199,4,29,1,-19.0,0.0
-9.021,-73.22,64.199,4,30,1,7.0,0.0
-27.021,-91.21799999999999,64.19699999999999,4,31,1,-21.0,0.0
-8.01,-72.185,64.175,4,32,1,6.0,0.0
-28.021,-94.73,66.709,4,1,2,-22.0,0.0
-9.021,-75.722,66.701,4,2,2,-3.0,0.0
-29.021,-95.765,66.744,4,3,2,-23.0,0.0
-9.021,-75.691,66.67,4,4,2,-3.0,0.0
-28.021,-94.70200000000001,66.68100000000001,4,5,2,-22.0,0.0
-8.021,-74.709,66.688,4,6,2,-2.0,0.0
-26.021,-92.73899999999999,66.71799999999999,4,7,2,-20.0,0.0
-8.021,-74.673,66.652,4,8,2,-2.0,0.0
-29.021,-95.76,66.739,4,9,2,-23.0,0.0
-9.021,-75.709,66.688,4,10,2,-3.0,0.0
-26.021,-92.69,66.669,4,11,2,-20.0,0.0
-9.021,-75.718,66.697,4,12,2,-3.0,0.0
-29.021,-95.758,66.737,4,13,2,-23.0,0.0
-9.021,-75.69,66.669,4,14,2,-3.0,0.0
-27.021,-93.727,66.706,4,15,2,-21.0,0.0
-9.021,-75.733,66.712,4,16,2,-3.0,0.0
-28.021,-94.667,66.646,4,17,2,-22.0,0.0
-9.041,-75.751,66.71000000000001,4,18,2,7.0,0.0
-28.021,-94.637,66.616,4,19,2,-18.5,0.0
-9.062000000000001,-75.79,66.72800000000001,4,20,2,9.0,0.0
-26.021,-92.508,66.487,4,21,2,-10.0,0.0
-9.021,-75.691,66.67,4,22,2,0.0,0.0
-29.01,-95.62299999999999,66.61299999999999,4,23,2,-15.75,0.0
-9.021,-75.67399999999999,66.65299999999999,4,24,2,-3.0,0.0
-25.781999999999996,-91.75200000000001,65.97000000000001,4,25,2,-9.0,0.0
-8.021,-74.64699999999999,66.62599999999999,4,26,2,-2.0,0.0
-28.061999999999998,-94.49799999999999,66.43599999999999,4,27,2,-10.0,0.0
-9.021,-75.741,66.72,4,28,2,-0.5,0.0
-26.021,-92.736,66.715,4,29,2,-17.0,0.0
-9.021,-75.804,66.783,4,30,2,7.0,0.0
-26.021,-92.684,66.663,4,31,2,-20.0,0.0
-9.01,-75.773,66.76299999999999,4,32,2,5.5,0.0
-26.021,-92.37799999999999,66.35699999999999,4,1,3,-20.0,0.0
-8.021,-74.325,66.304,4,2,3,-2.0,0.0
-26.021,-92.40799999999999,66.38699999999999,4,3,3,-20.0,0.0
-8.021,-74.343,66.322,4,4,3,-2.0,0.0
-26.021,-92.38799999999999,66.36699999999999,4,5,3,-20.0,0.0
-8.021,-74.345,66.324,4,6,3,-2.0,0.0
-26.021,-92.367,66.346,4,7,3,-20.0,0.0
-8.021,-74.306,66.285,4,8,3,-2.0,0.0
-26.021,-92.398,66.377,4,9,3,-20.0,0.0
-9.021,-75.418,66.397,4,10,3,-3.0,0.0
-26.021,-92.375,66.354,4,11,3,-20.0,0.0
-8.021,-74.384,66.363,4,12,3,-2.0,0.0
-26.021,-92.412,66.391,4,13,3,-20.0,0.0
-8.021,-74.315,66.294,4,14,3,-2.0,0.0
-26.021,-92.37899999999999,66.35799999999999,4,15,3,-20.0,0.0
-9.021,-75.433,66.412,4,16,3,-3.0,0.0
-26.021,-92.398,66.377,4,17,3,-20.0,0.0
-8.041,-74.391,66.35000000000001,4,18,3,8.0,0.0
-26.021,-92.432,66.411,4,19,3,-15.5,0.0
-8.062000000000001,-74.40899999999999,66.347,4,20,3,10.0,0.0
-26.021,-92.458,66.437,4,21,3,-9.5,0.0
-9.021,-75.368,66.347,4,22,3,0.0,0.0
-26.01,-92.512,66.502,4,23,3,-13.0,0.0
-9.021,-75.348,66.327,4,24,3,-3.0,0.0
-27.031,-93.43,66.399,4,25,3,-11.0,0.0
-9.021,-75.32300000000001,66.302,4,26,3,-3.0,0.0
-26.061999999999998,-92.486,66.424,4,27,3,-8.0,0.0
-8.021,-74.375,66.354,4,28,3,1.0,0.0
-26.021,-92.42399999999999,66.40299999999999,4,29,3,-17.0,0.0
-8.021,-74.467,66.446,4,30,3,5.0,0.0
-26.021,-92.40700000000001,66.38600000000001,4,31,3,-20.0,0.0
-8.01,-74.413,66.40299999999999,4,32,3,5.5,0.0
-4.021,-70.764,66.743,5,1,1,2.0,0.0
-4.021,-70.757,66.736,5,4,1,2.0,0.042
-4.021,-70.564,66.54299999999999,5,5,1,2.0,0.0
-4.021,-71.005,66.984,5,8,1,2.0,0.076
-4.021,-71.376,67.355,5,10,1,2.0,0.081
-4.021,-70.75,66.729,5,14,1,2.0,0.046
-15.782,-82.641,66.85900000000001,5,16,1,2.0,0.9420000000000001
-4.021,-70.512,66.491,5,18,1,2.0,0.0
-4.021,-70.692,66.67099999999999,5,20,1,2.0,0.0
-4.021,-70.687,66.666,5,21,1,2.0,0.0
-4.021,-70.791,66.77,5,23,1,2.0,0.0
-4.021,-70.706,66.685,5,25,1,2.0,0.0
-14.020999999999999,-80.812,66.791,5,27,1,2.0,0.0
-4.021,-70.688,66.667,5,30,1,2.0,0.0
-16.062,-82.723,66.661,5,31,1,2.0,0.0
-14.99,-82.37700000000001,67.38700000000001,5,32,1,2.0,1.0
-4.021,-71.748,67.727,5,1,2,2.0,0.0
-4.021,-71.888,67.867,5,4,2,2.0,0.043
-4.021,-71.688,67.667,5,5,2,2.0,0.0
-4.021,-71.9,67.879,5,8,2,2.0,0.05
-4.021,-71.807,67.786,5,14,2,2.0,0.045
-16.062,-83.646,67.584,5,16,2,2.0,1.0
-4.021,-71.82300000000001,67.802,5,18,2,2.0,0.001
-4.021,-71.945,67.92399999999999,5,20,2,2.0,0.0
-4.021,-71.748,67.727,5,21,2,2.0,0.0
-4.021,-71.903,67.882,5,23,2,2.0,0.0
-4.021,-71.789,67.768,5,25,2,2.0,0.0
-14.020999999999999,-81.965,67.944,5,27,2,2.0,0.0
-14.020999999999999,-81.884,67.863,5,28,2,2.0,0.759
-4.021,-71.748,67.727,5,30,2,2.0,0.0
-6.021,-71.82,65.79899999999999,5,1,3,0.0,0.0
-4.021,-70.391,66.37,5,4,3,2.0,0.035
-6.021,-71.685,65.664,5,5,3,0.0,0.0
-4.021,-70.748,66.727,5,8,3,2.0,0.073
-4.021,-70.722,66.701,5,10,3,2.0,0.077
-4.021,-70.351,66.33,5,14,3,2.0,0.045
-14.812000000000001,-81.752,66.94,5,16,3,2.0,0.98
-6.021,-71.993,65.972,5,17,3,0.0,0.0
-4.021,-70.344,66.323,5,18,3,2.0,0.0
-4.021,-70.479,66.458,5,20,3,2.0,0.0
-6.021,-71.721,65.7,5,21,3,0.0,0.0
-6.021,-71.768,65.747,5,23,3,0.0,0.0
-6.021,-71.742,65.721,5,25,3,0.0,0.0
-14.020999999999999,-80.508,66.487,5,27,3,2.0,0.0
-14.020999999999999,-80.35300000000001,66.33200000000001,5,28,3,2.0,0.68
-4.021,-70.173,66.152,5,30,3,2.0,0.0
-14.020999999999999,-81.928,67.907,5,31,3,2.0,0.0
-16.062,-82.182,66.12,5,32,3,2.0,1.0
-6.021,-72.21600000000001,66.19500000000001,5,1,4,0.0,0.0
-4.021,-70.791,66.77,5,4,4,2.0,0.042
-7.021,-73.333,66.312,5,5,4,-1.5,0.0
-4.021,-71.031,67.01,5,8,4,2.0,0.075
-4.021,-70.941,66.92,5,10,4,2.0,0.071
-5.021,-71.404,66.383,5,11,4,1.0,0.0
-11.802,-79.688,67.886,5,12,4,2.0,0.667
-4.021,-70.57300000000001,66.552,5,14,4,2.0,0.019
-13.562999999999999,-80.764,67.201,5,16,4,2.0,0.774
-6.021,-72.66199999999999,66.64099999999999,5,17,4,0.0,0.0
-4.021,-70.561,66.54,5,18,4,2.0,0.0
-4.021,-70.681,66.66,5,20,4,2.0,0.0
-6.021,-72.105,66.084,5,21,4,0.0,0.0
-7.021,-72.988,65.967,5,23,4,-1.0,0.0
-7.021,-73.207,66.18599999999999,5,25,4,-1.5,0.0
-4.021,-70.766,66.745,5,26,4,2.0,0.107
-14.020999999999999,-80.79899999999999,66.77799999999999,5,27,4,2.0,0.0
-4.021,-70.581,66.56,5,30,4,2.0,0.0
-7.031000000000001,-73.793,66.762,5,31,4,2.0,0.0
-14.417,-81.98200000000001,67.56500000000001,5,32,4,2.0,0.894
-27.021,-92.39299999999999,65.37199999999999,6,1,1,-21.0,0.0
-27.021,-92.428,65.407,6,3,1,-21.0,0.0
-8.021,-73.45100000000001,65.43,6,4,1,-2.0,0.035
-27.021,-92.38799999999999,65.36699999999999,6,5,1,-21.0,0.0
-27.021,-92.434,65.413,6,7,1,-21.0,0.0
-7.021,-72.691,65.67,6,8,1,-1.0,0.07
-27.021,-92.412,65.391,6,9,1,-21.0,0.0
-7.021,-72.732,65.711,6,10,1,-1.0,0.071
-28.01,-93.38799999999999,65.37799999999999,6,11,1,-25.0,0.0
-27.021,-92.435,65.414,6,13,1,-21.0,0.0
-7.021,-72.48899999999999,65.46799999999999,6,14,1,-1.0,0.034
-28.01,-93.361,65.351,6,15,1,-25.0,0.0
-7.01,-72.45100000000001,65.441,6,16,1,-4.0,0.0
-28.021,-93.417,65.396,6,17,1,-22.0,0.0
-6.021,-71.372,65.351,6,18,1,0.0,0.0
-28.021,-93.45700000000001,65.436,6,19,1,-22.0,0.0
-7.021,-72.395,65.374,6,20,1,-1.0,0.0
-27.01,-92.559,65.54899999999999,6,21,1,-24.0,0.0
-7.01,-72.518,65.508,6,22,1,-3.5,0.012
-28.01,-93.56,65.55,6,23,1,-25.0,0.0
-6.01,-71.764,65.75399999999999,6,24,1,0.0,0.073
-27.021,-92.46,65.439,6,25,1,-21.0,0.0
-7.021,-72.465,65.444,6,26,1,-1.0,0.047
-27.01,-92.448,65.43799999999999,6,27,1,-24.0,0.0
-6.01,-72.128,66.118,6,28,1,-3.0,0.113
-27.01,-92.476,65.466,6,29,1,-22.5,0.0
-7.01,-72.497,65.487,6,30,1,-4.0,0.0
-28.01,-93.28,65.27,6,31,1,-25.0,0.0
-6.01,-71.572,65.562,6,32,1,-3.0,0.013000000000000001
-28.021,-93.661,65.64,6,1,2,-22.0,0.0
-26.021,-91.726,65.705,6,3,2,-20.0,0.0
-8.021,-73.584,65.563,6,4,2,-1.5,0.037000000000000005
-27.021,-92.72,65.699,6,5,2,-21.0,0.0
-27.021,-92.787,65.766,6,7,2,-21.0,0.0
-7.021,-73.003,65.982,6,8,2,-1.0,0.07200000000000001
-27.021,-92.749,65.728,6,9,2,-21.0,0.0
-8.021,-73.977,65.956,6,10,2,-2.0,0.078
-26.01,-91.72200000000001,65.712,6,11,2,-23.0,0.0
-27.021,-92.706,65.685,6,13,2,-21.0,0.0
-7.021,-72.832,65.81099999999999,6,14,2,-1.0,0.035
-27.01,-92.73200000000001,65.72200000000001,6,15,2,-24.0,0.0
-6.01,-71.637,65.627,6,16,2,-3.0,0.0
-27.021,-92.71,65.689,6,17,2,-21.0,0.0
-5.021,-70.722,65.701,6,18,2,1.0,0.0
-27.021,-92.72399999999999,65.70299999999999,6,19,2,-21.0,0.0
-6.021,-71.67699999999999,65.65599999999999,6,20,2,0.0,0.0
-27.01,-92.773,65.76299999999999,6,21,2,-24.0,0.0
-5.01,-70.747,65.737,6,22,2,-2.0,0.0
-28.01,-93.81200000000001,65.802,6,23,2,-25.0,0.0
-8.01,-73.76899999999999,65.75899999999999,6,24,2,-5.0,0.0
-27.021,-92.729,65.708,6,25,2,-21.0,0.0
-7.01,-72.415,65.405,6,26,2,-0.5,0.0
-27.01,-92.79700000000001,65.787,6,27,2,-24.0,0.0
-6.01,-73.535,67.52499999999999,6,28,2,-2.5,0.087
-27.01,-92.805,65.795,6,29,2,-24.0,0.0
-5.01,-70.903,65.893,6,30,2,-2.5,0.0
-25.01,-90.58,65.57,6,31,2,-22.0,0.0
-27.021,-93.435,66.414,6,1,3,-21.0,0.0
-27.021,-93.43700000000001,66.41600000000001,6,3,3,-21.0,0.0
-7.021,-73.493,66.472,6,4,3,-1.0,0.039
-27.021,-93.42299999999999,66.40199999999999,6,5,3,-21.0,0.0
-27.021,-93.463,66.442,6,7,3,-21.0,0.0
-7.021,-73.70100000000001,66.68,6,8,3,-1.0,0.079
-27.021,-93.43799999999999,66.41699999999999,6,9,3,-21.0,0.0
-7.021,-73.679,66.658,6,10,3,-1.0,0.077
-27.01,-93.42299999999999,66.41299999999998,6,11,3,-24.0,0.0
-26.021,-92.441,66.42,6,13,3,-20.0,0.0
-6.021,-72.493,66.472,6,14,3,0.0,0.036000000000000004
-26.01,-92.40100000000001,66.391,6,15,3,-23.0,0.0
-6.01,-72.433,66.423,6,16,3,-3.0,0.11
-27.021,-93.501,66.48,6,17,3,-21.0,0.0
-4.021,-70.857,66.836,6,18,3,2.0,0.0
-27.01,-93.021,66.011,6,19,3,-20.5,0.0
-6.021,-72.315,66.294,6,20,3,0.0,0.0
-25.021,-92.03299999999999,67.01199999999999,6,21,3,-23.0,0.0
-5.01,-71.331,66.321,6,22,3,-2.0,0.027000000000000003
-26.01,-92.492,66.482,6,23,3,-23.0,0.0
-6.01,-72.402,66.392,6,24,3,-3.0,0.006999999999999999
-26.021,-92.428,66.407,6,25,3,-20.0,0.0
-6.021,-72.402,66.381,6,26,3,0.0,0.006
-27.01,-93.48299999999999,66.47299999999998,6,27,3,-24.0,0.0
-27.01,-93.48,66.47,6,29,3,-24.0,0.0
-6.01,-72.398,66.38799999999999,6,30,3,-3.0,0.0
-26.01,-92.31200000000001,66.302,6,31,3,-23.0,0.0
-6.01,-72.377,66.36699999999999,6,32,3,-3.0,0.048
-25.021,-92.652,67.631,7,1,1,-19.0,0.0
-5.021,-72.493,67.472,7,2,1,1.0,0.095
-26.021,-93.62799999999999,67.60699999999999,7,3,1,-20.0,0.0
-5.021,-72.4,67.379,7,4,1,1.0,0.061
-24.021,-91.73299999999999,67.71199999999999,7,5,1,-18.0,0.0
-5.021,-72.557,67.536,7,6,1,1.0,0.105
-24.021,-91.568,67.547,7,7,1,-18.0,0.0
-5.021,-72.613,67.592,7,8,1,1.0,0.063
-25.021,-92.535,67.514,7,9,1,-19.0,0.0
-5.021,-72.49600000000001,67.47500000000001,7,10,1,1.0,0.109
-25.021,-92.569,67.548,7,11,1,-19.0,0.0
-5.021,-72.568,67.547,7,12,1,1.0,0.11199999999999999
-26.021,-93.62100000000001,67.60000000000001,7,13,1,-20.0,0.0
-5.021,-72.454,67.43299999999999,7,14,1,1.0,0.063
-24.021,-91.42200000000001,67.40100000000001,7,15,1,-18.0,0.0
-5.021,-72.433,67.412,7,16,1,1.0,0.11800000000000001
-26.021,-93.465,67.444,7,17,1,-20.0,0.0
-5.021,-72.502,67.481,7,18,1,1.0,0.0
-24.781999999999996,-92.052,67.27000000000001,7,19,1,-18.5,0.0
-4.021,-71.361,67.34,7,20,1,2.0,0.0
-26.021,-93.54,67.519,7,21,1,-20.0,0.0
-5.021,-72.947,67.926,7,22,1,0.5,0.037000000000000005
-24.021,-91.745,67.724,7,23,1,-18.0,0.0
-5.021,-72.381,67.36,7,24,1,1.0,0.009000000000000001
-25.021,-92.411,67.39,7,25,1,-19.0,0.0
-5.021,-72.563,67.542,7,26,1,1.0,0.19
-24.021,-91.52600000000001,67.50500000000001,7,27,1,-18.0,0.0
-5.021,-72.467,67.446,7,28,1,1.0,0.017
-26.021,-93.484,67.463,7,29,1,-20.0,0.0
-5.021,-72.446,67.425,7,30,1,1.0,0.0
-25.021,-92.561,67.54,7,31,1,-19.0,0.0
-5.021,-72.72,67.699,7,32,1,1.0,0.0
-26.021,-92.477,66.456,7,1,2,-20.0,0.0
-6.021,-72.238,66.217,7,2,2,0.0,0.11900000000000001
-26.021,-92.12299999999999,66.10199999999999,7,3,2,-20.0,0.0
-6.021,-72.02,65.999,7,4,2,0.0,0.092
-26.021,-92.465,66.444,7,5,2,-20.0,0.0
-6.021,-72.02600000000001,66.00500000000001,7,6,2,0.0,0.145
-26.021,-92.25,66.229,7,7,2,-20.0,0.0
-6.021,-72.03399999999999,66.01299999999999,7,8,2,0.0,0.092
-26.021,-92.115,66.094,7,9,2,-20.0,0.0
-5.021,-71.001,65.98,7,10,2,1.0,0.095
-27.021,-92.98899999999999,65.96799999999999,7,11,2,-21.0,0.0
-6.021,-72.06,66.039,7,12,2,0.0,0.128
-27.021,-94.029,67.008,7,13,2,-21.5,0.0
-6.021,-72.067,66.04599999999999,7,14,2,0.0,0.096
-26.021,-92.429,66.408,7,15,2,-20.0,0.0
-6.021,-72.02,65.999,7,16,2,0.0,0.16
-26.021,-92.324,66.303,7,17,2,-20.0,0.0
-5.021,-70.956,65.935,7,18,2,1.0,0.0
-26.021,-92.15700000000001,66.13600000000001,7,19,2,-20.0,0.0
-8.021,-74.12100000000001,66.10000000000001,7,20,2,-2.0,0.0
-26.021,-92.052,66.031,7,21,2,-20.0,0.0
-6.021,-72.053,66.032,7,22,2,0.0,0.109
-26.021,-92.46600000000001,66.44500000000001,7,23,2,-20.0,0.0
-5.021,-70.921,65.9,7,24,2,1.0,0.068
-26.021,-92.131,66.11,7,25,2,-20.0,0.0
-5.021,-70.931,65.91,7,26,2,1.0,0.052000000000000005
-26.021,-91.993,65.972,7,27,2,-20.0,0.0
-7.021,-72.969,65.948,7,28,2,-1.0,0.13
-26.021,-92.445,66.42399999999999,7,29,2,-20.0,0.0
-6.021,-71.98899999999999,65.96799999999999,7,30,2,0.0,0.0
-27.021,-92.973,65.952,7,31,2,-21.0,0.0
-6.021,-72.00399999999999,65.98299999999999,7,32,2,0.0,0.0
-26.021,-93.204,67.18299999999999,7,1,3,-20.0,0.0
-6.021,-73.122,67.101,7,2,3,0.0,0.135
-26.021,-93.236,67.215,7,3,3,-20.0,0.0
-6.021,-73.04,67.019,7,4,3,0.0,0.11599999999999999
-27.021,-94.182,67.161,7,5,3,-21.0,0.0
-4.021,-71.156,67.135,7,6,3,2.0,0.124
-26.021,-93.265,67.244,7,7,3,-20.0,0.0
-6.021,-72.447,66.426,7,8,3,1.0,0.107
-26.021,-93.27,67.249,7,9,3,-20.0,0.0
-6.021,-73.126,67.105,7,10,3,0.0,0.105
-26.021,-93.156,67.135,7,11,3,-20.0,0.0
-6.021,-73.09100000000001,67.07000000000001,7,12,3,0.0,0.162
-26.021,-93.26799999999999,67.24699999999999,7,13,3,-20.0,0.0
-7.021,-74.047,67.026,7,14,3,-1.0,0.111
-26.021,-93.175,67.154,7,15,3,-20.0,0.0
-6.021,-73.089,67.068,7,16,3,0.0,0.17
-26.021,-93.098,67.077,7,17,3,-20.0,0.0
-6.021,-72.827,66.806,7,18,3,0.0,0.0
-25.021,-92.10600000000001,67.08500000000001,7,19,3,-19.0,0.0
-6.021,-73.072,67.051,7,20,3,0.0,0.0
-27.01,-91.67200000000001,64.662,7,21,3,-19.5,0.0
-6.021,-73.067,67.04599999999999,7,22,3,0.0,0.059000000000000004
-26.021,-93.189,67.16799999999999,7,23,3,-20.0,0.0
-6.021,-73.027,67.006,7,24,3,0.0,0.071
-26.021,-93.115,67.094,7,25,3,-20.0,0.0
-6.021,-73.042,67.021,7,26,3,0.0,0.045
-25.021,-92.163,67.142,7,27,3,-19.0,0.0
-6.021,-73.075,67.054,7,28,3,0.0,0.04
-25.021,-92.09100000000001,67.07000000000001,7,29,3,-19.0,0.0
-6.021,-73.056,67.035,7,30,3,0.0,0.0
-26.01,-92.686,66.676,7,31,3,-20.0,0.0
-6.021,-73.08800000000001,67.06700000000001,7,32,3,0.0,0.0
-29.021,-93.697,64.676,7,1,4,-23.0,0.0
-10.021,-74.669,64.648,7,2,4,-4.0,0.099
-27.021,-91.693,64.672,7,3,4,-21.0,0.0
-9.021,-73.609,64.588,7,4,4,-3.0,0.059000000000000004
-29.021,-93.7,64.679,7,5,4,-23.0,0.0
-9.021,-73.645,64.624,7,6,4,-3.0,0.11199999999999999
-29.021,-93.738,64.717,7,7,4,-23.0,0.0
-7.021,-71.60600000000001,64.58500000000001,7,8,4,-1.0,0.059000000000000004
-29.021,-93.74799999999999,64.72699999999999,7,9,4,-23.0,0.0
-7.021,-71.657,64.636,7,10,4,-1.0,0.066
-27.021,-91.691,64.67,7,11,4,-21.0,0.0
-7.021,-71.608,64.587,7,12,4,-1.0,0.10800000000000001
-30.021,-94.73899999999999,64.71799999999999,7,13,4,-24.0,0.0
-10.021,-74.62899999999999,64.60799999999999,7,14,4,-4.0,0.065
-29.021,-93.738,64.717,7,15,4,-23.0,0.0
-7.021,-71.61399999999999,64.59299999999999,7,16,4,-1.0,0.125
-29.021,-93.648,64.627,7,17,4,-23.0,0.0
-7.021,-71.611,64.59,7,18,4,-1.0,0.0
-30.021,-94.681,64.66,7,19,4,-24.0,0.0
-7.021,-71.643,64.622,7,20,4,-1.0,0.0
-29.021,-93.681,64.66,7,21,4,-23.0,0.0
-7.021,-71.611,64.59,7,22,4,-1.0,0.009000000000000001
-27.021,-91.667,64.646,7,23,4,-21.0,0.0
-7.021,-71.58800000000001,64.56700000000001,7,24,4,-1.0,0.018000000000000002
-29.021,-93.65299999999999,64.63199999999999,7,25,4,-23.0,0.0
-9.021,-73.571,64.55,7,26,4,-3.0,0.114
-27.021,-91.67200000000001,64.65100000000001,7,27,4,-21.0,0.0
-7.021,-71.567,64.54599999999999,7,28,4,-1.0,0.156
-29.021,-93.65899999999999,64.63799999999999,7,29,4,-23.0,0.0
-7.021,-71.615,64.594,7,30,4,-1.0,0.0
-29.021,-93.67,64.649,7,31,4,-23.0,0.0
-9.021,-73.623,64.602,7,32,4,-3.0,0.0
-5.021,-69.928,64.907,8,1,1,1.0,0.0
-7.021,-71.836,64.815,8,3,1,-1.0,0.0
14.979000000000001,-49.864,64.843,8,4,1,21.0,0.052000000000000005
3.9789999999999996,-60.853,64.83200000000001,8,5,1,10.0,0.0
-5.021,-69.986,64.965,8,7,1,1.0,0.0
15.979000000000001,-49.214,65.193,8,8,1,22.0,0.053
-7.021,-71.829,64.80799999999999,8,9,1,-1.0,0.0
14.979000000000001,-50.023,65.00200000000001,8,10,1,21.0,0.054000000000000006
-5.021,-69.923,64.902,8,11,1,1.0,0.0
-5.021,-69.97,64.949,8,13,1,1.0,0.0
15.979000000000001,-49.028,65.007,8,14,1,22.0,0.038
-5.021,-69.937,64.916,8,15,1,1.0,0.0
-7.021,-71.844,64.823,8,17,1,2.0,0.0
6.229,-60.645,66.87400000000001,8,18,1,21.0,0.561
3.99,-60.775,64.765,8,19,1,13.5,0.0
-5.01,-69.694,64.684,8,21,1,8.0,0.0
-4.01,-68.684,64.67399999999999,8,23,1,9.0,0.0
0.99,-63.937,64.92699999999999,8,25,1,16.5,0.0
-4.99,-69.634,64.644,8,27,1,11.5,0.0
-2.01,-66.926,64.916,8,29,1,7.5,0.0
8.198,-59.54600000000001,67.744,8,30,1,21.0,0.614
-5.021,-69.895,64.874,8,31,1,4.0,0.0
-5.021,-70.59899999999999,65.57799999999999,8,1,2,1.0,0.0
-4.021,-69.615,65.594,8,3,2,2.0,0.0
14.979000000000001,-50.485,65.464,8,4,2,21.0,0.028999999999999998
-2.021,-67.514,65.493,8,5,2,4.0,0.0
-2.021,-67.684,65.663,8,7,2,4.0,0.0
15.979000000000001,-49.722,65.70100000000001,8,8,2,22.0,0.040999999999999995
-2.021,-67.556,65.535,8,9,2,4.0,0.0
14.979000000000001,-50.55,65.529,8,10,2,21.0,0.040999999999999995
-2.021,-67.54,65.519,8,11,2,4.0,0.0
-3.0210000000000004,-68.558,65.537,8,13,2,3.0,0.0
15.979000000000001,-49.836999999999996,65.816,8,14,2,22.0,0.039
-2.021,-67.594,65.573,8,15,2,4.0,0.0
-2.021,-67.535,65.514,8,17,2,7.0,0.0
6.229,-61.324,67.553,8,18,2,21.0,0.5589999999999999
-4.01,-69.577,65.567,8,19,2,6.0,0.0
4.979,-61.407,66.386,8,20,2,21.0,0.55
-2.01,-67.408,65.398,8,21,2,11.0,0.0
-2.01,-67.39,65.38,8,23,2,11.0,0.0
-5.01,-70.378,65.368,8,25,2,10.0,0.0
-2.01,-67.367,65.357,8,27,2,14.0,0.0
-5.01,-70.51899999999999,65.50899999999999,8,29,2,4.5,0.0
-5.021,-70.512,65.491,8,31,2,4.0,0.0
6.979,-59.236000000000004,66.215,8,1,3,13.0,0.0
2.9789999999999996,-63.251000000000005,66.23,8,3,3,9.0,0.0
15.979000000000001,-50.412,66.391,8,4,3,22.0,0.106
0.9790000000000001,-65.157,66.136,8,5,3,7.0,0.0
2.9789999999999996,-63.104,66.083,8,7,3,9.0,0.0
15.979000000000001,-50.518,66.497,8,8,3,22.0,0.098
2.9789999999999996,-63.122,66.101,8,9,3,9.0,0.0
15.979000000000001,-50.416000000000004,66.39500000000001,8,10,3,22.0,0.085
2.9789999999999996,-62.975,65.95400000000001,8,11,3,9.0,0.0
2.9789999999999996,-63.1,66.07900000000001,8,13,3,9.0,0.0
15.979000000000001,-50.413000000000004,66.39200000000001,8,14,3,22.0,0.115
2.9789999999999996,-63.045,66.024,8,15,3,9.0,0.0
2.9789999999999996,-63.062,66.041,8,17,3,12.0,0.0
2.99,-63.005,65.995,8,19,3,12.0,0.0
5.437,-61.086000000000006,66.52300000000001,8,21,3,18.5,0.0
-1.021,-67.607,66.586,8,23,3,12.0,0.0
2.99,-62.945,65.935,8,25,3,17.5,0.0
-4.01,-70.265,66.255,8,27,3,12.0,0.0
1.99,-64.149,66.139,8,29,3,11.5,0.0
2.9789999999999996,-63.008,65.98700000000001,8,31,3,12.0,0.0
-6.021,-73.711,67.69,8,1,4,0.0,0.0
-3.0210000000000004,-70.791,67.77,8,3,4,3.0,0.0
-6.021,-73.667,67.646,8,5,4,0.0,0.0
-6.021,-73.756,67.735,8,7,4,0.0,0.0
-3.0210000000000004,-70.741,67.72,8,9,4,3.0,0.0
13.979000000000001,-53.831,67.81,8,10,4,20.0,0.055
-3.0210000000000004,-70.71600000000001,67.69500000000001,8,11,4,3.0,0.0
-6.021,-73.758,67.737,8,13,4,0.0,0.0
-3.0210000000000004,-70.733,67.712,8,15,4,3.0,0.0
-6.021,-73.558,67.537,8,17,4,3.0,0.0
-3.01,-70.666,67.65599999999999,8,19,4,7.5,0.0
-3.01,-70.51,67.5,8,21,4,10.5,0.0
-3.01,-70.45,67.44,8,23,4,10.0,0.0
-6.01,-73.434,67.42399999999999,8,25,4,8.5,0.0
-3.01,-70.506,67.496,8,27,4,7.0,0.0
-6.01,-73.645,67.63499999999999,8,29,4,4.5,0.0
-6.021,-73.517,67.496,8,31,4,3.0,0.0
-27.021,-92.926,65.905,9,1,1,-21.0,1.0
-10.021,-75.62,65.599,9,2,1,-4.0,1.0
-27.021,-92.632,65.611,9,3,1,-21.0,1.0
-9.021,-74.48,65.459,9,4,1,-2.5,1.0
-27.021,-92.63600000000001,65.61500000000001,9,5,1,-21.0,1.0
-7.021,-72.587,65.566,9,6,1,-1.0,1.0
-27.021,-92.745,65.724,9,7,1,-21.0,1.0
-8.021,-73.611,65.59,9,8,1,-2.0,1.0
-27.021,-92.66799999999999,65.64699999999999,9,9,1,-21.0,1.0
-8.021,-73.869,65.848,9,10,1,-2.0,1.0
-27.021,-92.811,65.79,9,11,1,-21.0,1.0
-9.021,-75.56,66.539,9,12,1,-3.5,1.0
-27.021,-92.97,65.949,9,13,1,-21.0,1.0
-10.021,-75.598,65.577,9,14,1,-4.0,1.0
-27.021,-92.958,65.937,9,15,1,-21.0,1.0
-7.021,-73.141,66.12,9,16,1,-1.5,1.0
-27.021,-92.852,65.831,9,17,1,-21.0,1.0
-7.021,-73.09100000000001,66.07000000000001,9,18,1,-2.0,1.0
-27.021,-92.986,65.965,9,19,1,-21.0,1.0
-6.021,-71.984,65.963,9,20,1,-0.5,1.0
-27.021,-92.66799999999999,65.64699999999999,9,21,1,-21.0,1.0
-8.782,-74.204,65.422,9,22,1,-0.5,1.0
-27.01,-92.694,65.684,9,23,1,-24.0,1.0
-9.021,-74.548,65.527,9,24,1,-3.0,1.0
-27.021,-92.59700000000001,65.57600000000001,9,25,1,-21.0,1.0
-8.792,-74.414,65.622,9,26,1,-2.5,1.0
-27.021,-92.50399999999999,65.48299999999999,9,27,1,-21.0,1.0
-9.01,-74.405,65.395,9,28,1,-1.0,1.0
-27.01,-92.59200000000001,65.58200000000001,9,29,1,-19.0,1.0
-7.021,-73.095,66.074,9,30,1,-1.5,1.0
-27.021,-92.579,65.55799999999999,9,31,1,-21.0,1.0
-9.021,-74.544,65.523,9,32,1,-3.0,1.0
-26.021,-92.29700000000001,66.27600000000001,9,1,2,-20.0,1.0
-9.021,-75.21300000000001,66.19200000000001,9,2,2,-3.0,1.0
-26.021,-92.772,66.751,9,3,2,-20.5,1.0
-9.021,-75.154,66.133,9,4,2,-3.0,1.0
-26.021,-92.294,66.273,9,5,2,-20.0,1.0
-9.021,-75.197,66.176,9,6,2,-3.0,1.0
-26.021,-92.376,66.355,9,7,2,-20.0,1.0
-9.021,-75.191,66.17,9,8,2,-3.0,1.0
-27.01,-92.685,65.675,9,9,2,-20.5,1.0
-9.021,-75.179,66.158,9,10,2,-3.0,1.0
-26.021,-92.305,66.284,9,11,2,-20.0,1.0
-9.021,-75.236,66.215,9,12,2,-3.0,1.0
-26.021,-92.35600000000001,66.33500000000001,9,13,2,-20.0,1.0
-9.021,-75.169,66.148,9,14,2,-3.0,1.0
-26.021,-92.339,66.318,9,15,2,-20.0,1.0
-8.021,-74.217,66.196,9,16,2,-2.0,1.0
-26.781999999999996,-92.81200000000001,66.03000000000002,9,17,2,-19.5,1.0
-9.021,-75.173,66.152,9,18,2,-3.0,1.0
-26.021,-92.52,66.499,9,19,2,-20.0,1.0
-9.021,-75.156,66.135,9,20,2,-3.0,1.0
-27.01,-92.777,65.767,9,21,2,-21.0,1.0
-5.01,-71.14399999999999,66.13399999999999,9,22,2,1.0,1.0
-27.01,-93.07799999999999,66.06799999999998,9,23,2,-21.0,1.0
-9.021,-75.123,66.102,9,24,2,-3.0,1.0
-26.021,-92.26299999999999,66.24199999999999,9,25,2,-20.0,1.0
-9.021,-75.165,66.144,9,26,2,-3.0,1.0
-26.021,-92.101,66.08,9,27,2,-20.0,1.0
-8.021,-74.072,66.051,9,28,2,-2.0,1.0
-26.021,-92.34100000000001,66.32000000000001,9,29,2,-20.0,1.0
-8.021,-74.196,66.175,9,30,2,-2.0,1.0
-26.021,-92.14399999999999,66.12299999999999,9,31,2,-20.0,1.0
-9.021,-75.146,66.125,9,32,2,-3.0,1.0
-26.021,-92.90899999999999,66.88799999999999,9,1,3,-19.5,1.0
-8.021,-75.04899999999999,67.02799999999999,9,2,3,-2.0,1.0
-25.021,-92.762,67.741,9,3,3,-19.5,1.0
-6.021,-73.018,66.997,9,4,3,0.0,1.0
-26.021,-93.09200000000001,67.07100000000001,9,5,3,-20.0,1.0
-8.021,-75.065,67.044,9,6,3,-2.0,1.0
-26.021,-93.027,67.006,9,7,3,-20.0,1.0
-8.021,-75.025,67.004,9,8,3,-2.0,1.0
-25.021,-92.117,67.096,9,9,3,-19.0,1.0
-6.021,-73.035,67.014,9,10,3,0.0,1.0
-26.021,-93.18700000000001,67.16600000000001,9,11,3,-20.0,1.0
-8.021,-75.10300000000001,67.08200000000001,9,12,3,-2.0,1.0
-26.021,-92.66,66.639,9,13,3,-20.0,1.0
-8.021,-74.99,66.969,9,14,3,-2.0,1.0
-25.021,-91.79899999999999,66.77799999999999,9,15,3,-18.5,1.0
-8.021,-75.082,67.06099999999999,9,16,3,-2.0,1.0
-25.781999999999996,-92.42399999999999,66.642,9,17,3,-19.0,1.0
-8.021,-75.00399999999999,66.98299999999999,9,18,3,-2.0,1.0
-25.031,-92.751,67.72,9,19,3,-19.5,1.0
-7.021,-74.03399999999999,67.01299999999999,9,20,3,-1.0,1.0
-25.021,-92.541,67.52,9,21,3,-22.0,1.0
-8.01,-75.0,66.99,9,22,3,-2.0,1.0
-26.021,-93.18799999999999,67.16699999999999,9,23,3,-20.0,1.0
-8.021,-74.986,66.965,9,24,3,-2.0,1.0
-25.021,-92.155,67.134,9,25,3,-19.0,1.0
-8.021,-75.001,66.98,9,26,3,-2.0,1.0
-25.021,-92.087,67.066,9,27,3,-19.5,1.0
-8.021,-74.958,66.937,9,28,3,-2.0,1.0
-26.01,-92.986,66.976,9,29,3,-19.0,1.0
-8.021,-75.041,67.02,9,30,3,-3.5,1.0
-24.031,-91.34,67.309,9,31,3,-18.5,1.0
-8.01,-75.03,67.02,9,32,3,-5.0,1.0
-27.021,-91.70299999999999,64.68199999999999,9,1,4,-21.0,1.0
-10.021,-74.66199999999999,64.64099999999999,9,2,4,-4.0,1.0
-27.021,-91.7,64.679,9,3,4,-21.0,1.0
-10.021,-74.633,64.612,9,4,4,-4.0,1.0
-27.021,-91.704,64.68299999999999,9,5,4,-21.0,1.0
-10.021,-74.646,64.625,9,6,4,-4.0,1.0
-27.021,-91.70100000000001,64.68,9,7,4,-21.0,1.0
-10.021,-74.612,64.591,9,8,4,-4.0,1.0
-27.021,-91.72200000000001,64.70100000000001,9,9,4,-21.0,1.0
-10.021,-74.65100000000001,64.63000000000001,9,10,4,-4.0,1.0
-28.021,-92.715,64.694,9,11,4,-22.0,1.0
-10.021,-74.694,64.673,9,12,4,-4.0,1.0
-27.021,-91.689,64.66799999999999,9,13,4,-21.0,1.0
-10.021,-74.616,64.595,9,14,4,-4.0,1.0
-27.021,-91.69200000000001,64.671,9,15,4,-21.0,1.0
-10.021,-74.653,64.632,9,16,4,-4.0,1.0
-27.021,-91.68,64.659,9,17,4,-21.0,1.0
-10.021,-74.63600000000001,64.61500000000001,9,18,4,-4.0,1.0
-27.051,-92.06200000000001,65.01100000000001,9,19,4,-18.5,1.0
-10.021,-74.655,64.634,9,20,4,-4.0,1.0
-27.021,-91.70200000000001,64.68100000000001,9,21,4,-21.0,1.0
-10.021,-74.61,64.589,9,22,4,-4.0,1.0
-28.01,-92.758,64.74799999999999,9,23,4,-24.5,1.0
-7.021,-71.715,64.694,9,24,4,-2.0,1.0
-27.021,-91.697,64.676,9,25,4,-21.0,1.0
-10.021,-74.558,64.537,9,26,4,-4.0,1.0
-27.021,-91.62700000000001,64.60600000000001,9,27,4,-21.0,1.0
-10.01,-74.545,64.535,9,28,4,-1.5,1.0
-27.01,-91.63799999999999,64.62799999999999,9,29,4,-19.0,1.0
-10.01,-74.206,64.196,9,30,4,-5.0,1.0
-27.021,-91.495,64.474,9,31,4,-21.0,1.0
-10.01,-74.612,64.60199999999999,9,32,4,-7.0,1.0
15.979000000000001,-50.702,66.681,10,1,1,22.0,1.0
15.979000000000001,-50.6,66.57900000000001,10,4,1,22.0,1.0
15.979000000000001,-50.501999999999995,66.481,10,5,1,22.0,1.0
15.979000000000001,-50.762,66.741,10,8,1,22.0,1.0
15.979000000000001,-50.668,66.647,10,10,1,22.0,1.0
15.979000000000001,-50.476000000000006,66.45500000000001,10,11,1,22.0,1.0
15.979000000000001,-51.486999999999995,67.466,10,14,1,22.0,1.0
15.979000000000001,-50.828,66.807,10,15,1,22.0,1.0
15.979000000000001,-51.49100000000001,67.47000000000001,10,18,1,22.0,1.0
15.979000000000001,-51.14,67.119,10,20,1,22.0,1.0
15.979000000000001,-51.758,67.73700000000001,10,24,1,22.0,1.0
15.979000000000001,-50.601000000000006,66.58000000000001,10,25,1,22.0,1.0
15.979000000000001,-50.349,66.328,10,27,1,22.0,1.0
15.979000000000001,-51.788000000000004,67.76700000000001,10,31,1,22.0,1.0
15.979000000000001,-50.397,66.376,10,1,2,22.0,1.0
15.979000000000001,-50.38399999999999,66.363,10,4,2,22.0,1.0
15.979000000000001,-50.273,66.25200000000001,10,5,2,22.0,1.0
15.979000000000001,-50.948,66.927,10,8,2,22.0,1.0
15.979000000000001,-50.316,66.295,10,10,2,22.0,1.0
15.979000000000001,-51.472,67.45100000000001,10,11,2,22.0,1.0
15.979000000000001,-50.288000000000004,66.26700000000001,10,14,2,22.0,1.0
15.979000000000001,-50.483000000000004,66.462,10,15,2,22.0,1.0
15.979000000000001,-51.047,67.026,10,16,2,22.0,1.0
15.979000000000001,-50.328,66.307,10,18,2,22.0,1.0
15.979000000000001,-50.255,66.23400000000001,10,20,2,22.0,1.0
15.979000000000001,-50.632,66.611,10,24,2,22.0,1.0
15.979000000000001,-50.369,66.348,10,25,2,22.0,1.0
15.979000000000001,-50.91,66.889,10,26,2,22.0,1.0
15.979000000000001,-50.381,66.36,10,27,2,22.0,1.0
15.979000000000001,-50.535,66.514,10,31,2,22.0,1.0
15.979000000000001,-51.668,67.647,10,1,3,22.0,1.0
15.979000000000001,-51.591,67.57000000000001,10,4,3,22.0,1.0
15.979000000000001,-51.54,67.519,10,5,3,22.0,1.0
15.979000000000001,-51.648999999999994,67.628,10,8,3,22.0,1.0
15.979000000000001,-49.998999999999995,65.978,10,10,3,22.0,1.0
15.979000000000001,-51.611999999999995,67.591,10,11,3,22.0,1.0
15.979000000000001,-51.558,67.537,10,14,3,22.0,1.0
15.979000000000001,-51.722,67.70100000000001,10,15,3,22.0,1.0
15.979000000000001,-51.59,67.569,10,18,3,22.0,1.0
15.979000000000001,-51.535,67.514,10,20,3,22.0,1.0
15.979000000000001,-50.318999999999996,66.298,10,25,3,22.0,1.0
15.979000000000001,-51.558,67.537,10,27,3,22.0,1.0
15.979000000000001,-51.827,67.806,10,31,3,22.0,1.0
-26.01,-92.39200000000001,66.382,12,1,2,-10.5,1.0
-14.99,-82.238,67.248,12,2,2,2.0,1.0
-26.01,-92.662,66.652,12,3,2,-13.0,1.0
-26.01,-92.501,66.491,12,5,2,-17.0,1.0
-14.99,-82.13799999999999,67.148,12,6,2,2.0,1.0
-26.021,-92.773,66.752,12,7,2,-11.0,1.0
-14.812000000000001,-82.098,67.286,12,8,2,2.0,1.0
-26.031,-92.741,66.71000000000001,12,9,2,-17.0,1.0
-14.812000000000001,-82.12200000000001,67.31000000000002,12,10,2,2.0,1.0
-24.01,-90.632,66.622,12,11,2,-15.0,1.0
-26.553,-93.214,66.661,12,13,2,-12.0,1.0
-26.01,-92.78299999999999,66.77299999999998,12,15,2,-23.0,1.0
-24.01,-90.728,66.71799999999999,12,17,2,-14.0,1.0
-26.01,-92.6,66.58999999999999,12,19,2,-15.0,1.0
-14.99,-82.179,67.18900000000001,12,20,2,2.0,1.0
-26.01,-92.464,66.454,12,21,2,-20.0,1.0
-26.01,-92.705,66.695,12,23,2,-20.0,1.0
-27.01,-93.54,66.53,12,25,2,-11.75,1.0
-26.01,-92.75200000000001,66.742,12,27,2,-23.0,1.0
-26.01,-92.708,66.698,12,29,2,-15.0,1.0
-27.01,-94.43700000000001,67.427,12,31,2,-24.0,1.0
-25.0,-92.47200000000001,67.47200000000001,12,1,3,-12.0,1.0
-25.01,-92.389,67.37899999999999,12,3,3,-9.5,1.0
-25.01,-92.29799999999999,67.28799999999998,12,5,3,-16.0,1.0
-25.01,-92.477,67.467,12,7,3,-13.0,1.0
-25.99,-93.493,67.503,12,9,3,-16.5,1.0
-25.01,-92.352,67.342,12,11,3,-19.0,1.0
-25.99,-93.484,67.494,12,13,3,-12.75,1.0
-25.01,-92.539,67.529,12,15,3,-22.0,1.0
-6.01,-73.346,67.336,12,16,3,-3.0,1.0
-25.01,-92.43700000000001,67.427,12,17,3,-16.0,1.0
-25.021,-92.346,67.325,12,19,3,-13.5,1.0
-27.01,-94.225,67.21499999999999,12,21,3,-22.5,1.0
-25.01,-92.21,67.19999999999999,12,25,3,-11.75,1.0
-25.01,-92.588,67.57799999999999,12,27,3,-22.0,1.0
-26.021,-93.396,67.375,12,29,3,-16.0,1.0
-27.01,-94.492,67.482,12,31,3,-24.0,1.0
5.01,-59.268,64.278,13,4,1,22.0,1.0
6.5889999999999995,-60.67100000000001,67.26,13,6,1,21.5,1.0
9.959,-55.261,65.22,13,7,1,22.0,1.0
5.01,-59.321000000000005,64.331,13,8,1,22.0,1.0
6.985,-60.601000000000006,67.58600000000001,13,9,1,21.5,1.0
5.437,-59.589,65.026,13,10,1,22.0,1.0
4.188,-60.566,64.754,13,11,1,21.5,1.0
12.0,-53.205,65.205,13,12,1,22.0,1.0
4.01,-60.578,64.58800000000001,13,14,1,21.5,1.0
5.01,-59.258,64.268,13,15,1,22.0,1.0
15.979000000000001,-48.762,64.741,13,17,1,22.0,1.0
15.979000000000001,-48.586000000000006,64.56500000000001,13,18,1,22.0,1.0
15.979000000000001,-48.816,64.795,13,19,1,22.0,1.0
15.979000000000001,-48.593999999999994,64.573,13,20,1,22.0,1.0
15.979000000000001,-48.559,64.538,13,21,1,22.0,1.0
15.979000000000001,-49.205,65.184,13,22,1,22.0,1.0
15.979000000000001,-48.582,64.561,13,23,1,22.0,1.0
15.979000000000001,-50.711999999999996,66.691,13,24,1,22.0,1.0
15.979000000000001,-48.628,64.607,13,25,1,22.0,1.0
15.979000000000001,-48.955,64.934,13,26,1,22.0,1.0
15.979000000000001,-48.621,64.60000000000001,13,27,1,22.0,1.0
15.979000000000001,-48.67100000000001,64.65,13,28,1,22.0,1.0
15.979000000000001,-48.799,64.778,13,29,1,22.0,1.0
15.979000000000001,-48.523,64.50200000000001,13,30,1,22.0,1.0
15.979000000000001,-48.57,64.549,13,31,1,22.0,1.0
15.979000000000001,-48.507,64.486,13,32,1,22.0,1.0
4.01,-63.075,67.08500000000001,13,3,2,21.5,1.0
5.01,-61.696000000000005,66.706,13,4,2,22.0,1.0
5.01,-61.788999999999994,66.79899999999999,13,5,2,22.0,1.0
11.208,-56.208,67.416,13,8,2,22.0,1.0
5.01,-61.803999999999995,66.814,13,11,2,22.0,1.0
5.01,-61.701,66.711,13,14,2,22.0,1.0
15.979000000000001,-51.17100000000001,67.15,13,17,2,22.0,1.0
15.979000000000001,-50.855,66.834,13,18,2,22.0,1.0
15.979000000000001,-50.941,66.92,13,19,2,22.0,1.0
15.979000000000001,-50.858999999999995,66.838,13,20,2,22.0,1.0
15.979000000000001,-50.898,66.87700000000001,13,21,2,22.0,1.0
15.979000000000001,-51.193000000000005,67.17200000000001,13,22,2,22.0,1.0
15.979000000000001,-50.858999999999995,66.838,13,23,2,22.0,1.0
15.979000000000001,-50.981,66.96000000000001,13,24,2,22.0,1.0
15.979000000000001,-50.93600000000001,66.915,13,25,2,22.0,1.0
15.979000000000001,-50.926,66.905,13,27,2,22.0,1.0
15.979000000000001,-50.931000000000004,66.91000000000001,13,29,2,22.0,1.0
15.979000000000001,-50.833999999999996,66.813,13,30,2,22.0,1.0
15.979000000000001,-50.895,66.87400000000001,13,31,2,22.0,1.0
15.979000000000001,-50.858999999999995,66.838,13,32,2,22.0,1.0
5.01,-62.353,67.363,13,4,3,22.0,1.0
5.01,-62.379,67.389,13,8,3,22.0,1.0
5.01,-62.388000000000005,67.39800000000001,13,11,3,22.0,1.0
9.959,-57.742,67.701,13,14,3,22.0,1.0
15.979000000000001,-51.553999999999995,67.533,13,17,3,22.0,1.0
15.979000000000001,-51.488,67.467,13,18,3,22.0,1.0
15.979000000000001,-51.495,67.474,13,20,3,22.0,1.0
15.979000000000001,-51.474,67.453,13,21,3,22.0,1.0
15.979000000000001,-51.464,67.443,13,23,3,22.0,1.0
15.979000000000001,-51.663000000000004,67.64200000000001,13,24,3,22.0,1.0
15.979000000000001,-51.538999999999994,67.518,13,25,3,22.0,1.0
15.979000000000001,-51.667,67.646,13,26,3,22.0,1.0
15.979000000000001,-51.522,67.501,13,27,3,22.0,1.0
15.979000000000001,-51.615,67.59400000000001,13,28,3,22.0,1.0
15.979000000000001,-51.592,67.571,13,29,3,22.0,1.0
15.979000000000001,-51.43,67.409,13,30,3,22.0,1.0
15.979000000000001,-51.478,67.45700000000001,13,31,3,22.0,1.0
15.979000000000001,-51.431000000000004,67.41000000000001,13,32,3,22.0,1.0
-27.781999999999996,-91.79799999999999,64.01599999999999,14,1,1,-18.0,1.0
-8.0,-72.792,64.792,14,2,1,2.0,1.0
-27.99,-92.874,64.884,14,3,1,-14.5,1.0
-7.812,-72.682,64.87,14,4,1,1.0,1.0
-27.811999999999998,-92.777,64.965,14,5,1,-19.0,1.0
-7.99,-72.74,64.75,14,6,1,3.0,1.0
-26.99,-91.958,64.968,14,7,1,-16.0,1.0
-8.0,-72.694,64.694,14,8,1,1.0,1.0
-28.0,-92.87100000000001,64.87100000000001,14,9,1,-18.0,1.0
-7.99,-72.664,64.674,14,10,1,1.0,1.0
-25.811999999999998,-90.825,65.013,14,11,1,-17.0,1.0
-7.99,-72.73,64.74000000000001,14,12,1,3.0,1.0
-27.051,-92.399,65.348,14,13,1,-14.0,1.0
-7.812,-72.619,64.807,14,14,1,1.0,1.0
-26.811999999999998,-91.81299999999999,65.00099999999999,14,15,1,-18.0,1.0
-8.0,-72.702,64.702,14,16,1,5.0,1.0
-28.021,-92.81299999999999,64.79199999999999,14,17,1,-19.5,1.0
-8.021,-72.714,64.693,14,18,1,-2.0,1.0
-27.01,-91.814,64.80399999999999,14,19,1,-17.5,1.0
-8.021,-72.71,64.689,14,20,1,-2.0,1.0
-27.01,-91.902,64.892,14,21,1,-24.0,1.0
-8.01,-72.73,64.72,14,22,1,1.5,1.0
-28.01,-92.868,64.85799999999999,14,23,1,-25.0,1.0
-8.01,-72.69,64.67999999999999,14,24,1,1.0,1.0
-28.021,-92.785,64.764,14,25,1,-22.0,1.0
-8.01,-72.72800000000001,64.718,14,26,1,1.0,1.0
-28.021,-92.794,64.773,14,27,1,-22.0,1.0
-8.0,-72.774,64.774,14,28,1,2.0,1.0
-28.01,-92.77600000000001,64.766,14,29,1,-19.0,1.0
-8.01,-72.783,64.773,14,30,1,-5.0,1.0
-27.01,-91.925,64.91499999999999,14,31,1,-20.0,1.0
-8.01,-72.758,64.74799999999999,14,32,1,-2.0,1.0
-27.01,-92.446,65.43599999999999,14,1,2,-18.0,1.0
-7.99,-73.327,65.337,14,2,2,8.0,1.0
-26.99,-92.59700000000001,65.60700000000001,14,3,2,-16.0,1.0
-7.031000000000001,-72.483,65.452,14,4,2,2.0,1.0
-26.811999999999998,-91.51799999999999,64.70599999999999,14,5,2,-17.0,1.0
-6.99,-72.53399999999999,65.544,14,6,2,5.0,1.0
-26.99,-92.59299999999999,65.603,14,7,2,-10.0,1.0
-7.01,-72.47,65.46,14,8,2,2.0,1.0
-25.021,-90.689,65.66799999999999,14,9,2,-16.0,1.0
-7.031000000000001,-72.44800000000001,65.417,14,10,2,2.0,1.0
-27.031,-92.464,65.43299999999999,14,11,2,-18.0,1.0
-6.99,-72.532,65.542,14,12,2,4.0,1.0
-26.99,-92.575,65.58500000000001,14,13,2,-13.0,1.0
-7.031000000000001,-72.457,65.42599999999999,14,14,2,2.0,1.0
-28.01,-93.49600000000001,65.486,14,15,2,-19.0,1.0
-7.0,-72.45100000000001,65.45100000000001,14,16,2,5.0,1.0
-26.021,-91.691,65.67,14,17,2,-17.0,1.0
-5.021,-70.501,65.48,14,18,2,1.0,1.0
-27.0,-92.527,65.527,14,19,2,-16.0,1.0
-7.021,-72.518,65.497,14,20,2,-1.0,1.0
-25.021,-91.12299999999999,66.10199999999999,14,21,2,-23.0,1.0
-8.0,-73.461,65.461,14,22,2,1.0,1.0
-28.01,-93.64399999999999,65.63399999999999,14,23,2,-25.0,1.0
-7.021,-72.461,65.44,14,24,2,2.0,1.0
-27.781999999999996,-93.087,65.305,14,25,2,-21.5,1.0
-6.563,-71.721,65.158,14,26,2,3.0,1.0
-27.021,-92.571,65.55,14,27,2,-21.0,1.0
-7.01,-72.445,65.43499999999999,14,28,2,3.0,1.0
-25.01,-90.554,65.544,14,29,2,-16.0,1.0
-8.01,-71.256,63.246,14,30,2,-3.5,1.0
-28.01,-93.529,65.51899999999999,14,31,2,-20.0,1.0
-7.01,-72.54899999999999,65.53899999999999,14,32,2,-4.0,1.0
-25.01,-92.59,67.58,14,1,3,-16.0,1.0
-4.99,-72.711,67.721,14,2,3,6.0,1.0
-24.99,-92.62200000000001,67.63200000000002,14,3,3,-12.0,1.0
-6.031000000000001,-73.70100000000001,67.67,14,4,3,3.0,1.0
-25.031,-92.444,67.41300000000001,14,5,3,-16.0,1.0
-4.99,-72.685,67.69500000000001,14,6,3,8.5,1.0
-24.99,-92.678,67.688,14,7,3,-14.0,1.0
-5.031000000000001,-72.544,67.51299999999999,14,8,3,4.0,1.0
-24.791999999999998,-91.897,67.105,14,9,3,-10.0,1.0
-3.015,-70.73899999999999,67.72399999999999,14,10,3,7.0,1.0
-25.031,-92.463,67.43199999999999,14,11,3,-16.0,1.0
-4.99,-72.758,67.768,14,12,3,6.0,1.0
-24.563000000000002,-92.16799999999999,67.60499999999999,14,13,3,-14.5,1.0
-5.031000000000001,-72.609,67.57799999999999,14,14,3,4.0,1.0
-25.01,-92.545,67.535,14,15,3,-16.0,1.0
-5.0,-72.607,67.607,14,16,3,6.0,1.0
-26.021,-93.611,67.59,14,17,3,-17.0,1.0
-5.021,-72.691,67.67,14,18,3,1.0,1.0
-25.01,-92.604,67.594,14,19,3,-15.0,1.0
-25.01,-92.781,67.771,14,21,3,-19.5,1.0
-5.01,-72.627,67.61699999999999,14,22,3,4.0,1.0
-5.01,-72.562,67.55199999999999,14,24,3,4.5,1.0
-25.021,-92.70299999999999,67.68199999999999,14,25,3,-19.0,1.0
-5.01,-72.688,67.678,14,26,3,5.5,1.0
-25.021,-92.74700000000001,67.72600000000001,14,27,3,-19.0,1.0
-5.01,-72.767,67.75699999999999,14,28,3,5.0,1.0
-25.01,-92.618,67.60799999999999,14,29,3,-16.0,1.0
-5.01,-72.734,67.72399999999999,14,30,3,-2.0,1.0
-24.553,-92.105,67.552,14,31,3,-16.0,1.0
-5.01,-72.684,67.67399999999999,14,32,3,-0.5,1.0
-26.021,-91.448,65.42699999999999,15,1,1,-20.0,1.0
-28.021,-93.46,65.439,15,3,1,-22.0,1.0
-7.021,-72.529,65.508,15,4,1,-1.0,1.0
-28.021,-93.492,65.471,15,5,1,-22.0,1.0
-26.021,-91.505,65.484,15,7,1,-20.0,1.0
-7.021,-72.719,65.698,15,8,1,-1.0,1.0
-28.021,-93.48200000000001,65.46100000000001,15,9,1,-22.0,1.0
-6.021,-71.654,65.633,15,10,1,0.0,1.0
-29.021,-94.27600000000001,65.25500000000001,15,11,1,-23.0,1.0
-28.021,-93.486,65.465,15,13,1,-22.0,1.0
-6.021,-71.535,65.514,15,14,1,0.0,1.0
-26.021,-91.29,65.269,15,15,1,-20.0,1.0
-6.021,-71.471,65.45,15,16,1,-0.75,1.0
-28.021,-93.45700000000001,65.436,15,17,1,-22.0,1.0
-5.021,-70.548,65.527,15,18,1,1.0,1.0
-28.563000000000002,-93.988,65.425,15,19,1,-20.5,1.0
-7.021,-72.385,65.364,15,20,1,0.5,1.0
-28.021,-93.37100000000001,65.35000000000001,15,21,1,-22.0,1.0
-28.021,-93.34700000000001,65.32600000000001,15,23,1,-22.0,1.0
-7.021,-73.26899999999999,66.24799999999999,15,24,1,-1.0,1.0
-26.021,-91.41799999999999,65.39699999999999,15,25,1,-20.0,1.0
-25.781999999999996,-91.275,65.49300000000001,15,27,1,-18.0,1.0
-6.021,-71.447,65.426,15,28,1,0.0,1.0
-26.021,-91.376,65.355,15,29,1,-20.0,1.0
-6.021,-71.449,65.428,15,30,1,0.0,1.0
-28.01,-93.565,65.55499999999999,15,31,1,-25.0,1.0
-6.01,-72.751,66.741,15,32,1,-0.5,1.0
-30.021,-94.87200000000001,64.85100000000001,15,1,2,-24.0,1.0
-30.021,-94.87299999999999,64.85199999999999,15,3,2,-24.0,1.0
-9.021,-73.851,64.83,15,4,2,-3.0,1.0
-26.021,-90.829,64.80799999999999,15,5,2,-20.0,1.0
-27.021,-91.88799999999999,64.86699999999999,15,7,2,-21.0,1.0
-9.021,-74.072,65.051,15,8,2,-3.0,1.0
-27.021,-91.86399999999999,64.84299999999999,15,9,2,-21.0,1.0
-10.021,-75.058,65.037,15,10,2,-4.0,1.0
-28.021,-92.605,64.584,15,11,2,-22.0,1.0
-7.021,-74.92399999999999,67.90299999999999,15,12,2,-1.0,1.0
-30.021,-94.896,64.875,15,13,2,-24.0,1.0
-8.021,-72.845,64.824,15,14,2,-2.0,1.0
-30.021,-94.571,64.55,15,15,2,-24.0,1.0
-10.01,-74.487,64.47699999999999,15,16,2,-7.0,1.0
-30.021,-94.78200000000001,64.76100000000001,15,17,2,-24.0,1.0
-10.021,-74.71300000000001,64.69200000000001,15,18,2,-4.0,1.0
-30.021,-94.83,64.809,15,19,2,-21.0,1.0
-7.021,-74.21600000000001,67.19500000000001,15,20,2,-2.5,1.0
-26.021,-90.745,64.724,15,21,2,-20.0,1.0
-26.021,-90.696,64.675,15,23,2,-20.0,1.0
-7.021,-72.656,65.635,15,24,2,-1.0,1.0
-29.021,-93.819,64.798,15,25,2,-23.0,1.0
-10.021,-75.143,65.122,15,26,2,-4.0,1.0
-30.01,-94.632,64.622,15,27,2,-24.0,1.0
-10.021,-74.663,64.642,15,28,2,-4.0,1.0
-30.021,-94.714,64.693,15,29,2,-23.0,1.0
-11.020999999999999,-75.71,64.689,15,30,2,-5.0,1.0
-30.01,-94.682,64.672,15,31,2,-27.0,1.0
-6.01,-70.65899999999999,64.64899999999999,15,32,2,-3.0,1.0
-25.021,-92.465,67.444,15,1,3,-19.0,1.0
-25.021,-92.445,67.42399999999999,15,3,3,-19.0,1.0
-6.021,-73.60300000000001,67.58200000000001,15,4,3,0.0,1.0
-28.021,-95.505,67.484,15,5,3,-22.0,1.0
-25.021,-92.48200000000001,67.46100000000001,15,7,3,-19.0,1.0
-25.021,-92.45,67.429,15,9,3,-19.0,1.0
-25.021,-92.274,67.253,15,11,3,-19.0,1.0
-25.021,-92.44,67.419,15,13,3,-19.0,1.0
-5.021,-72.63,67.609,15,14,3,1.0,1.0
-27.021,-94.333,67.312,15,15,3,-21.0,1.0
-4.021,-71.917,67.896,15,16,3,2.0,1.0
-27.021,-94.41,67.389,15,17,3,-21.0,1.0
-4.021,-71.99600000000001,67.97500000000001,15,18,3,2.0,1.0
-27.021,-94.42200000000001,67.40100000000001,15,19,3,-19.0,1.0
-5.021,-72.536,67.515,15,20,3,1.0,1.0
-24.781999999999996,-91.887,67.105,15,21,3,-18.5,1.0
-26.781999999999996,-93.98200000000001,67.20000000000002,15,23,3,-20.5,1.0
-28.021,-95.40799999999999,67.38699999999999,15,25,3,-22.0,1.0
-26.01,-93.331,67.321,15,27,3,-20.0,1.0
-4.021,-71.922,67.901,15,28,3,2.0,1.0
-25.021,-92.36200000000001,67.34100000000001,15,29,3,-19.0,1.0
-5.021,-72.477,67.456,15,30,3,1.0,1.0
-25.01,-92.33200000000001,67.322,15,31,3,-22.0,1.0
-4.01,-71.501,67.491,15,32,3,-1.0,1.0
-27.99,-92.774,64.784,17,1,1,-12.5,0.0
-10.99,-75.765,64.775,17,2,1,6.0,0.0
-27.0,-91.772,64.772,17,3,1,-17.0,0.0
-11.01,-75.76899999999999,64.75899999999999,17,4,1,-2.0,0.0
-27.01,-91.734,64.72399999999999,17,5,1,-18.0,0.0
-9.99,-74.78,64.79,17,6,1,7.0,0.0
-26.99,-91.848,64.858,17,7,1,-10.0,0.0
-9.99,-74.76,64.77000000000001,17,8,1,5.0,0.0
-26.99,-91.825,64.83500000000001,17,9,1,-10.0,0.0
-7.0,-71.63600000000001,64.63600000000001,17,10,1,6.0,0.0
-27.01,-91.714,64.704,17,11,1,-18.0,0.0
-10.770999999999999,-75.357,64.586,17,12,1,6.5,0.0
-26.99,-91.669,64.679,17,13,1,-10.5,0.0
-10.01,-74.81,64.8,17,14,1,-1.0,0.0
-27.0,-91.76700000000001,64.76700000000001,17,15,1,-14.0,0.0
-10.01,-74.785,64.77499999999999,17,16,1,-1.0,0.0
-27.01,-91.78399999999999,64.77399999999999,17,17,1,-18.0,0.0
-10.0,-74.793,64.793,17,18,1,0.0,0.0
-26.01,-90.78299999999999,64.77299999999998,17,19,1,-16.5,0.0
-10.0,-74.818,64.818,17,20,1,0.0,0.0
-26.99,-91.4,64.41000000000001,17,21,1,-16.5,0.0
-10.01,-74.77,64.75999999999999,17,22,1,-0.5,0.0
-26.01,-90.835,64.82499999999999,17,23,1,-16.5,0.0
-10.01,-74.755,64.74499999999999,17,24,1,-1.0,0.0
-27.0,-91.87299999999999,64.87299999999999,17,25,1,-17.0,0.0
-10.01,-74.715,64.705,17,26,1,-1.0,0.0
-27.0,-91.912,64.912,17,27,1,-17.0,0.0
-10.01,-74.75399999999999,64.74399999999999,17,28,1,0.0,0.0
-28.01,-92.804,64.794,17,29,1,-18.0,0.0
-10.01,-74.8,64.78999999999999,17,30,1,-0.5,0.0
-27.01,-91.775,64.765,17,31,1,-18.0,0.0
-10.01,-74.8,64.78999999999999,17,32,1,-0.5,0.0
-27.0,-92.417,65.417,17,1,2,-17.0,0.0
-9.99,-75.52,65.53,17,2,2,5.5,0.0
-27.99,-93.47,65.48,17,3,2,-11.0,0.0
-9.031,-74.405,65.374,17,4,2,0.0,0.0
-27.01,-92.285,65.27499999999999,17,5,2,-15.5,0.0
-7.8020000000000005,-73.01,65.208,17,6,2,2.5,0.0
-26.99,-92.47399999999999,65.484,17,7,2,-10.0,0.0
-10.01,-75.51,65.5,17,8,2,0.0,0.0
-26.99,-92.52600000000001,65.53600000000002,17,9,2,-10.0,0.0
-7.0,-72.335,65.335,17,10,2,3.0,0.0
-27.031,-92.291,65.25999999999999,17,11,2,-18.0,0.0
-9.0,-74.449,65.449,17,12,2,1.0,0.0
-25.99,-91.428,65.438,17,13,2,-10.5,0.0
-7.031000000000001,-72.191,65.16,17,14,2,2.0,0.0
-27.99,-93.38600000000001,65.39600000000002,17,15,2,-16.0,0.0
-10.01,-75.433,65.423,17,16,2,1.5,0.0
-27.01,-92.33200000000001,65.322,17,17,2,-18.0,0.0
-10.0,-75.502,65.502,17,18,2,0.0,0.0
-27.01,-92.459,65.449,17,19,2,-18.0,0.0
-10.0,-75.50399999999999,65.50399999999999,17,20,2,0.0,0.0
-27.01,-92.531,65.521,17,21,2,-18.75,0.0
-9.792,-74.065,64.273,17,22,2,1.0,0.0
-26.01,-91.49700000000001,65.48700000000001,17,23,2,-17.0,0.0
-10.01,-75.447,65.437,17,24,2,-3.0,0.0
-28.0,-93.476,65.476,17,25,2,-18.0,0.0
-10.01,-75.426,65.416,17,26,2,-1.0,0.0
-27.0,-92.505,65.505,17,27,2,-17.0,0.0
-9.01,-74.47399999999999,65.46399999999998,17,28,2,0.0,0.0
-27.01,-92.42,65.41,17,29,2,-17.5,0.0
-7.01,-72.438,65.428,17,30,2,2.5,0.0
-27.01,-92.40299999999999,65.39299999999999,17,31,2,-18.0,0.0
-10.01,-75.49,65.47999999999999,17,32,2,-0.5,0.0
-25.99,-92.93799999999999,66.948,17,1,3,-13.0,0.0
-8.99,-76.116,67.126,17,2,3,8.0,0.0
-26.041,-93.435,67.394,17,3,3,-11.5,0.0
-9.01,-76.117,67.107,17,4,3,0.0,0.0
-24.031,-90.845,66.814,17,5,3,-13.5,0.0
-7.99,-75.074,67.084,17,6,3,8.5,0.0
-25.99,-92.97200000000001,66.98200000000001,17,7,3,-9.0,0.0
-9.0,-76.126,67.126,17,8,3,3.0,0.0
-26.563000000000002,-93.48200000000001,66.91900000000001,17,9,3,-11.0,0.0
-9.01,-76.11,67.1,17,10,3,1.0,0.0
-25.99,-92.82700000000001,66.83700000000002,17,11,3,-15.0,0.0
-8.99,-76.133,67.143,17,12,3,7.0,0.0
-25.99,-92.95,66.96000000000001,17,13,3,-9.0,0.0
-8.01,-75.092,67.082,17,14,3,1.0,0.0
-27.031,-94.20299999999999,67.172,17,15,3,-14.0,0.0
-8.99,-76.111,67.12100000000001,17,16,3,8.0,0.0
-26.811999999999998,-93.51100000000001,66.69900000000001,17,17,3,-17.5,0.0
-9.0,-76.169,67.169,17,18,3,1.0,0.0
-26.01,-93.015,67.005,17,19,3,-17.0,0.0
-9.0,-76.181,67.181,17,20,3,1.0,0.0
-26.031,-93.462,67.43100000000001,17,21,3,-17.5,0.0
-8.01,-75.072,67.062,17,22,3,1.0,0.0
-26.01,-93.02799999999999,67.01799999999999,17,23,3,-16.0,0.0
-8.01,-75.081,67.071,17,24,3,0.5,0.0
-26.0,-93.016,67.016,17,25,3,-16.0,0.0
-9.01,-76.108,67.098,17,26,3,0.0,0.0
-27.0,-94.06299999999999,67.06299999999999,17,27,3,-17.0,0.0
-8.015,-75.155,67.14,17,28,3,1.0,0.0
-26.01,-93.01799999999999,67.00799999999998,17,29,3,-16.0,0.0
-9.01,-76.168,67.158,17,30,3,0.0,0.0
-26.01,-92.991,66.981,17,31,3,-17.0,0.0
-9.01,-76.15899999999999,67.14899999999999,17,32,3,0.0,0.0
-27.01,-91.45100000000001,64.441,17,1,4,-15.0,0.0
-10.99,-75.669,64.679,17,2,4,6.0,0.0
-26.99,-91.572,64.58200000000001,17,3,4,-11.0,0.0
-11.030999999999999,-75.58800000000001,64.55700000000002,17,4,4,-2.0,0.0
-27.031,-91.42299999999999,64.392,17,5,4,-18.0,0.0
-9.99,-74.71300000000001,64.72300000000001,17,6,4,7.0,0.0
-27.01,-91.618,64.60799999999999,17,7,4,-17.0,0.0
-9.99,-74.696,64.706,17,8,4,5.0,0.0
-26.99,-91.69,64.7,17,9,4,-10.0,0.0
-9.771,-74.086,64.315,17,10,4,5.0,0.0
-27.021,-91.411,64.39,17,11,4,-16.5,0.0
-10.0,-74.67699999999999,64.67699999999999,17,12,4,0.0,0.0
-27.0,-91.59,64.59,17,13,4,-12.5,0.0
-11.030999999999999,-75.653,64.62200000000001,17,14,4,-2.0,0.0
-27.01,-91.463,64.45299999999999,17,15,4,-15.0,0.0
-10.01,-74.68,64.67,17,16,4,0.0,0.0
-27.01,-91.60600000000001,64.596,17,17,4,-18.0,0.0
-10.0,-74.7,64.7,17,18,4,0.0,0.0
-27.01,-91.475,64.46499999999999,17,19,4,-17.0,0.0
-10.0,-74.705,64.705,17,20,4,0.0,0.0
-27.01,-91.677,64.667,17,21,4,-17.0,0.0
-10.01,-74.638,64.628,17,22,4,-1.0,0.0
-27.01,-91.68799999999999,64.67799999999998,17,23,4,-17.0,0.0
-10.01,-74.67399999999999,64.66399999999999,17,24,4,-1.0,0.0
-27.0,-91.65799999999999,64.65799999999999,17,25,4,-17.0,0.0
-10.01,-74.617,64.607,17,26,4,-1.0,0.0
-27.0,-91.699,64.699,17,27,4,-17.0,0.0
-10.01,-74.67399999999999,64.66399999999999,17,28,4,-1.0,0.0
-27.01,-91.522,64.512,17,29,4,-17.0,0.0
-10.01,-74.667,64.657,17,30,4,-1.0,0.0
-27.01,-91.62700000000001,64.617,17,31,4,-18.0,0.0
-8.01,-72.568,64.55799999999999,17,32,4,1.5,0.0
-40.99,-107.325,66.33500000000001,18,1,1,-26.0,0.0
-26.99,-92.96600000000001,65.97600000000001,18,2,1,-10.0,0.0
-45.0,-111.44200000000001,66.44200000000001,18,3,1,-35.0,0.0
-28.0,-93.82,65.82,18,4,1,-16.5,0.0
-37.021,-103.48899999999999,66.46799999999999,18,5,1,-21.0,0.0
-23.99,-89.64299999999999,65.65299999999999,18,6,1,-8.0,0.0
-40.802,-107.05799999999999,66.256,18,7,1,-29.0,0.0
-27.0,-92.853,65.853,18,8,1,-16.0,0.0
-37.99,-103.87899999999999,65.88899999999998,18,9,1,-22.0,0.0
-28.0,-93.735,65.735,18,10,1,-16.0,0.0
-44.99,-110.945,65.95499999999998,18,11,1,-27.5,0.0
-27.99,-93.81200000000001,65.82200000000002,18,12,1,-11.0,0.0
-38.553000000000004,-104.245,65.69200000000001,18,13,1,-25.5,0.0
-27.99,-93.939,65.949,18,14,1,-12.0,0.0
-33.99,-99.855,65.86500000000001,18,15,1,-17.0,0.0
-26.99,-92.89,65.9,18,16,1,-10.0,0.0
-37.021,-102.98700000000001,65.96600000000001,18,17,1,-31.0,0.0
-28.0,-93.88799999999999,65.88799999999999,18,18,1,-18.0,0.0
-38.01,-103.818,65.80799999999999,18,19,1,-35.0,0.0
-31.0,-97.18799999999999,66.18799999999999,18,20,1,-21.0,0.0
-37.021,-103.163,66.142,18,21,1,-32.5,0.0
-28.0,-93.88799999999999,65.88799999999999,18,22,1,-18.0,0.0
-38.01,-104.134,66.124,18,23,1,-34.5,0.0
-30.791999999999998,-96.83200000000001,66.04,18,24,1,-20.0,0.0
-37.021,-103.0,65.979,18,25,1,-31.0,0.0
-28.0,-93.84100000000001,65.84100000000001,18,26,1,-18.0,0.0
-41.021,-107.214,66.193,18,27,1,-25.0,0.0
-24.99,-90.735,65.745,18,28,1,-8.0,0.0
-34.021,-99.835,65.814,18,29,1,-28.0,0.0
-30.791999999999998,-96.664,65.872,18,30,1,-19.0,0.0
-38.01,-103.93299999999999,65.923,18,31,1,-22.5,0.0
-26.99,-93.022,66.03200000000001,18,32,1,-10.0,0.0
-40.99,-107.823,66.833,18,1,2,-25.0,0.0
-30.99,-97.771,66.781,18,2,2,-15.0,0.0
-29.0,-95.675,66.675,18,3,2,-19.0,0.0
-28.99,-95.72399999999999,66.734,18,4,2,-17.0,0.0
-29.021,-95.84700000000001,66.82600000000001,18,5,2,-17.0,0.0
-30.99,-97.73899999999999,66.749,18,6,2,-17.0,0.0
-40.802,-107.68799999999999,66.886,18,7,2,-29.0,0.0
-23.791999999999998,-90.677,66.885,18,8,2,-13.0,0.0
-38.99,-105.845,66.85499999999999,18,9,2,-23.0,0.0
-23.99,-90.696,66.706,18,10,2,-12.0,0.0
-31.771,-98.397,66.626,18,11,2,-17.0,0.0
-28.99,-95.71799999999999,66.728,18,12,2,-12.0,0.0
-39.0,-105.749,66.749,18,13,2,-27.0,0.0
-21.99,-88.792,66.802,18,14,2,-8.0,0.0
-28.021,-94.82700000000001,66.80600000000001,18,15,2,-19.0,0.0
-28.99,-95.744,66.754,18,16,2,-12.0,0.0
-31.021,-98.059,67.038,18,17,2,-26.5,0.0
-39.01,-105.93299999999999,66.923,18,19,2,-36.0,0.0
-30.0,-96.884,66.884,18,20,2,-20.0,0.0
-29.01,-95.81299999999999,66.80299999999998,18,21,2,-26.0,0.0
-26.0,-92.89299999999999,66.89299999999999,18,22,2,-16.0,0.0
-34.01,-100.85799999999999,66.84799999999998,18,23,2,-31.0,0.0
-19.01,-85.69200000000001,66.682,18,24,2,-16.0,0.0
-39.021,-105.88799999999999,66.86699999999999,18,25,2,-33.0,0.0
-29.0,-95.84200000000001,66.84200000000001,18,26,2,-19.0,0.0
-37.99,-104.486,66.49600000000001,18,27,2,-21.0,0.0
-28.99,-95.78399999999999,66.794,18,28,2,-12.0,0.0
-40.01,-106.786,66.77600000000001,18,29,2,-37.0,0.0
-25.791999999999998,-92.62899999999999,66.83699999999999,18,30,2,-15.0,0.0
-41.99,-108.564,66.57399999999998,18,31,2,-24.5,0.0
-23.99,-90.771,66.781,18,32,2,-7.0,0.0
-27.01,-93.171,66.161,18,1,3,-16.0,0.0
-16.99,-83.193,66.203,18,2,3,-1.0,0.0
-31.0,-97.073,66.073,18,3,3,-20.0,0.0
-21.99,-88.186,66.19600000000001,18,4,3,-10.5,0.0
-32.021,-98.24,66.219,18,5,3,-21.75,0.0
-21.99,-88.155,66.165,18,6,3,-6.0,0.0
-31.802,-98.061,66.25900000000001,18,7,3,-19.0,0.0
-21.99,-88.09200000000001,66.10200000000002,18,8,3,-9.0,0.0
-39.99,-105.661,65.67099999999999,18,9,3,-26.0,0.0
-21.99,-88.145,66.155,18,10,3,-9.0,0.0
-32.0,-98.25299999999999,66.25299999999999,18,11,3,-19.0,0.0
-21.99,-88.234,66.244,18,12,3,-5.0,0.0
-32.01,-98.19,66.18,18,13,3,-19.0,0.0
-21.771,-87.74,65.969,18,14,3,-7.5,0.0
-31.01,-97.27,66.25999999999999,18,15,3,-22.0,0.0
-19.99,-86.17399999999999,66.184,18,16,3,-3.5,0.0
-32.021,-98.20299999999999,66.18199999999999,18,17,3,-26.0,0.0
-22.021,-88.09299999999999,66.07199999999999,18,18,3,-16.0,0.0
-32.01,-98.242,66.232,18,19,3,-29.0,0.0
-22.021,-88.079,66.05799999999999,18,20,3,-16.0,0.0
-34.021,-100.28200000000001,66.26100000000001,18,21,3,-28.0,0.0
-33.0,-98.794,65.794,18,22,3,-23.0,0.0
-37.01,-103.255,66.245,18,23,3,-34.0,0.0
-20.01,-86.197,66.187,18,24,3,-17.0,0.0
-31.021,-97.17200000000001,66.15100000000001,18,25,3,-25.0,0.0
-23.021,-89.46799999999999,66.44699999999999,18,26,3,-17.5,0.0
-27.021,-93.20299999999999,66.18199999999999,18,27,3,-18.0,0.0
-21.99,-88.204,66.214,18,28,3,-6.0,0.0
-32.021,-98.23299999999999,66.21199999999999,18,29,3,-26.0,0.0
-30.0,-95.958,65.958,18,30,3,-20.0,0.0
-30.021,-96.255,66.234,18,31,3,-18.5,0.0
-27.0,-93.197,66.197,18,32,3,-11.0,0.0
-3.99,-71.218,67.22800000000001,21,27,2,7.5,0.0
-10.041,-77.031,66.99000000000001,24,1,1,2.0,0.0
-14.99,-80.035,65.045,24,2,1,2.0,1.0
-14.99,-80.107,65.117,24,3,1,2.0,0.0
-12.770999999999999,-79.93,67.159,24,5,1,2.0,0.0
-14.99,-80.025,65.03500000000001,24,6,1,2.0,0.998
-14.99,-80.11399999999999,65.124,24,7,1,2.0,0.0
-14.99,-80.009,65.019,24,8,1,2.0,0.866
-14.99,-80.117,65.12700000000001,24,9,1,2.0,0.0
-14.812000000000001,-79.992,65.18,24,10,1,2.0,0.861
-7.031000000000001,-72.94800000000001,65.917,24,11,1,2.0,0.0
-7.031000000000001,-73.312,66.28099999999999,24,12,1,2.0,0.5489999999999999
-14.99,-80.11399999999999,65.124,24,13,1,2.0,0.0
-5.782,-73.376,67.59400000000001,24,15,1,2.0,0.0
-8.0,-73.233,65.233,24,16,1,2.0,0.9420000000000001
-5.021,-70.09,65.069,24,17,1,1.0,0.0
-4.021,-69.113,65.092,24,18,1,2.0,0.0
-8.0,-73.2,65.2,24,19,1,2.0,0.0
-4.021,-69.141,65.12,24,20,1,2.0,0.0
-4.021,-68.988,64.967,24,21,1,2.0,0.0
-7.031000000000001,-73.972,66.94099999999999,24,22,1,2.0,0.522
-4.021,-69.075,65.054,24,23,1,2.0,0.0
-4.021,-69.09899999999999,65.07799999999999,24,25,1,2.0,0.0
-4.021,-70.922,66.901,24,26,1,2.0,0.198
-8.0,-73.255,65.255,24,27,1,2.0,0.0
-8.0,-73.311,65.311,24,28,1,2.0,0.638
-4.021,-69.872,65.851,24,29,1,2.0,0.0
-4.021,-68.99,64.969,24,30,1,2.0,0.0
-2.01,-66.96600000000001,64.956,24,31,1,1.0,0.0
-8.0,-73.844,65.844,24,32,1,2.0,0.986
-14.99,-82.212,67.22200000000001,24,2,2,2.0,0.765
-14.99,-82.307,67.31700000000001,24,3,2,2.0,0.0
-14.99,-82.208,67.218,24,6,2,2.0,0.727
-14.99,-82.31299999999999,67.323,24,7,2,2.0,0.0
-14.99,-82.194,67.20400000000001,24,8,2,2.0,0.735
-14.99,-82.257,67.26700000000001,24,9,2,2.0,0.0
-14.812000000000001,-82.17,67.358,24,10,2,2.0,0.695
-8.0,-75.11399999999999,67.11399999999999,24,11,2,2.0,0.0
-8.0,-75.324,67.324,24,12,2,2.0,0.10400000000000001
-14.99,-82.315,67.325,24,13,2,2.0,0.0
-9.0,-75.804,66.804,24,15,2,1.0,0.0
-8.0,-75.248,67.248,24,16,2,2.0,0.096
-10.021,-76.73899999999999,66.71799999999999,24,17,2,-4.0,0.0
-4.021,-71.258,67.237,24,18,2,2.0,0.0
-6.782,-73.715,66.933,24,19,2,1.5,0.0
-4.021,-71.32600000000001,67.305,24,20,2,2.0,0.0
-6.021,-72.741,66.72,24,21,2,0.0,0.0
-6.01,-72.702,66.692,24,23,2,0.0,0.0
-8.021,-74.692,66.67099999999999,24,25,2,-2.0,0.0
-8.0,-75.332,67.332,24,27,2,2.0,0.0
-8.0,-75.354,67.354,24,28,2,2.0,0.094
-4.021,-71.124,67.103,24,30,2,2.0,0.0
-8.0,-75.37899999999999,67.37899999999999,24,32,2,2.0,0.509
-8.0,-75.878,67.878,24,11,3,2.0,0.0
-4.021,-71.876,67.855,24,21,3,2.0,0.0
-26.021,-92.166,66.145,25,1,1,-20.0,1.0
-26.021,-92.196,66.175,25,3,1,-20.0,1.0
-6.021,-72.26899999999999,66.24799999999999,25,4,1,0.0,1.0
-26.021,-92.16,66.139,25,5,1,-20.0,1.0
-26.021,-92.23100000000001,66.21000000000001,25,7,1,-20.0,1.0
-6.021,-72.626,66.605,25,8,1,0.0,1.0
-26.021,-92.197,66.176,25,9,1,-20.0,1.0
-6.021,-72.453,66.432,25,10,1,0.0,1.0
-26.01,-92.235,66.225,25,11,1,-23.0,1.0
-26.021,-92.21,66.189,25,13,1,-20.0,1.0
-7.021,-73.17399999999999,66.15299999999999,25,14,1,-0.5,1.0
-26.01,-92.234,66.22399999999999,25,15,1,-23.0,1.0
-5.01,-71.20100000000001,66.191,25,16,1,-2.0,1.0
-26.021,-92.191,66.17,25,17,1,-20.0,1.0
-14.417,-81.671,67.254,25,18,1,2.0,1.0
-26.021,-92.181,66.16,25,19,1,-16.0,1.0
-14.020999999999999,-81.682,67.661,25,20,1,2.0,1.0
-26.01,-92.28200000000001,66.272,25,21,1,-21.5,1.0
-26.01,-92.279,66.26899999999999,25,23,1,-20.0,1.0
-26.01,-92.2,66.19,25,25,1,-11.25,1.0
-26.01,-92.294,66.28399999999999,25,27,1,-23.0,1.0
-6.01,-72.172,66.16199999999999,25,28,1,-3.0,1.0
-26.021,-92.21600000000001,66.19500000000001,25,29,1,-17.0,1.0
-26.01,-92.24700000000001,66.23700000000001,25,31,1,-23.0,1.0
-5.01,-71.431,66.42099999999999,25,32,1,-2.0,1.0
-25.021,-92.23899999999999,67.21799999999999,25,1,2,-19.0,1.0
-25.021,-92.23200000000001,67.21100000000001,25,3,2,-19.0,1.0
-25.021,-92.236,67.215,25,5,2,-19.0,1.0
-25.021,-92.235,67.214,25,7,2,-19.0,1.0
-7.021,-74.862,67.841,25,8,2,-1.0,1.0
-25.021,-92.229,67.208,25,9,2,-19.0,1.0
-7.021,-74.369,67.348,25,10,2,-1.0,1.0
-25.01,-92.195,67.18499999999999,25,11,2,-22.0,1.0
-25.021,-92.262,67.241,25,13,2,-19.0,1.0
-7.021,-74.39699999999999,67.37599999999999,25,14,2,-1.0,1.0
-26.01,-93.219,67.20899999999999,25,15,2,-23.0,1.0
-5.01,-72.22,67.21,25,16,2,-2.0,1.0
-25.021,-92.096,67.075,25,17,2,-19.0,1.0
-25.021,-92.16799999999999,67.14699999999999,25,19,2,-14.5,1.0
-14.99,-82.663,67.673,25,20,2,2.0,1.0
-25.01,-92.12200000000001,67.11200000000001,25,21,2,-19.0,1.0
-26.01,-93.059,67.04899999999999,25,23,2,-18.75,1.0
-25.01,-92.051,67.041,25,25,2,-10.0,1.0
-25.01,-90.988,65.978,25,27,2,-21.0,1.0
-25.01,-92.096,67.086,25,29,2,-16.0,1.0
-25.01,-92.088,67.07799999999999,25,31,2,-22.0,1.0
-4.01,-71.282,67.27199999999999,25,32,2,-1.0,1.0
-27.021,-92.83,65.809,25,1,3,-21.0,1.0
-27.021,-92.835,65.814,25,3,3,-21.0,1.0
-9.021,-74.90100000000001,65.88000000000001,25,4,3,-3.0,1.0
-27.021,-92.83200000000001,65.811,25,5,3,-21.0,1.0
-27.021,-92.84700000000001,65.82600000000001,25,7,3,-21.0,1.0
-9.021,-74.99,65.969,25,8,3,-2.5,1.0
-27.021,-92.82600000000001,65.805,25,9,3,-21.0,1.0
-9.021,-75.059,66.038,25,10,3,-3.0,1.0
-27.01,-92.88799999999999,65.87799999999999,25,11,3,-24.0,1.0
-27.021,-92.84,65.819,25,13,3,-21.0,1.0
-9.021,-74.92699999999999,65.90599999999999,25,14,3,-3.0,1.0
-27.01,-92.882,65.872,25,15,3,-24.0,1.0
-8.01,-73.88600000000001,65.876,25,16,3,-5.0,1.0
-25.021,-90.837,65.816,25,17,3,-19.0,1.0
-13.562999999999999,-81.283,67.72,25,18,3,2.0,1.0
-28.01,-93.83,65.82,25,19,3,-16.5,1.0
-14.020999999999999,-81.325,67.304,25,20,3,2.0,1.0
-27.01,-92.884,65.874,25,21,3,-21.0,1.0
-27.01,-92.87799999999999,65.86799999999998,25,23,3,-20.0,1.0
-27.01,-92.925,65.91499999999999,25,25,3,-19.5,1.0
-27.01,-92.986,65.976,25,27,3,-24.0,1.0
-27.021,-92.82700000000001,65.80600000000001,25,29,3,-19.0,1.0
-25.99,-91.74799999999999,65.758,25,31,3,-16.0,1.0
-6.01,-71.76100000000001,65.751,25,32,3,-3.0,1.0
-26.021,-91.62299999999999,65.60199999999999,25,1,4,-20.0,1.0
-26.021,-91.662,65.641,25,3,4,-20.0,1.0
-9.021,-74.623,65.602,25,4,4,-3.0,1.0
-26.021,-91.62200000000001,65.60100000000001,25,5,4,-20.0,1.0
-26.021,-91.65299999999999,65.63199999999999,25,7,4,-20.0,1.0
-6.021,-71.73899999999999,65.71799999999999,25,8,4,0.0,1.0
-26.021,-91.66,65.639,25,9,4,-20.0,1.0
-6.021,-71.667,65.646,25,10,4,0.0,1.0
-26.01,-91.59899999999999,65.58899999999998,25,11,4,-23.0,1.0
-26.021,-91.67,65.649,25,13,4,-20.0,1.0
-8.021,-73.622,65.601,25,14,4,-2.0,1.0
-26.01,-91.586,65.576,25,15,4,-23.0,1.0
-6.01,-71.782,65.77199999999999,25,16,4,-3.0,1.0
-26.021,-91.677,65.656,25,17,4,-20.0,1.0
-13.050999999999998,-80.952,67.901,25,18,4,2.0,1.0
-26.021,-91.655,65.634,25,19,4,-17.0,1.0
-14.020999999999999,-81.032,67.011,25,20,4,2.0,1.0
-26.01,-91.61399999999999,65.60399999999998,25,21,4,-20.0,1.0
-26.01,-91.581,65.571,25,23,4,-20.0,1.0
-26.01,-91.566,65.556,25,25,4,-15.5,1.0
-26.01,-91.62899999999999,65.61899999999999,25,27,4,-23.0,1.0
-6.01,-72.123,66.113,25,28,4,-3.0,1.0
-26.021,-91.63,65.609,25,29,4,-18.5,1.0
-27.01,-92.25299999999999,65.24299999999998,25,31,4,-23.5,1.0
-6.01,-71.829,65.81899999999999,25,32,4,-3.0,1.0
-4.021,-71.876,67.855,26,1,1,2.0,1.0
-4.021,-71.773,67.752,26,5,1,2.0,1.0
-1.01,-68.819,67.809,26,11,1,2.0,1.0
-4.021,-71.566,67.545,26,18,1,2.0,1.0
-4.021,-71.545,67.524,26,20,1,2.0,1.0
-4.021,-71.607,67.586,26,25,1,2.0,1.0
-4.021,-71.635,67.614,26,27,1,2.0,1.0
-4.021,-71.578,67.557,26,28,1,2.0,1.0
-7.031000000000001,-74.081,67.05,26,31,1,2.0,1.0
-14.020999999999999,-81.657,67.636,26,32,1,2.0,1.0
-4.021,-70.50399999999999,66.48299999999999,26,1,2,2.0,1.0
-4.021,-70.407,66.386,26,5,2,2.0,1.0
-5.782,-73.645,67.863,26,8,2,2.0,1.0
-5.782,-73.587,67.805,26,10,2,2.0,1.0
-1.01,-67.372,66.362,26,11,2,2.0,1.0
-1.01,-67.42,66.41,26,16,2,2.0,1.0
-4.021,-70.11399999999999,66.09299999999999,26,18,2,2.0,1.0
-5.782,-73.432,67.65,26,19,2,2.0,1.0
-4.021,-70.116,66.095,26,20,2,2.0,1.0
-4.021,-70.132,66.111,26,25,2,2.0,1.0
-4.021,-70.172,66.151,26,27,2,2.0,1.0
-4.021,-70.275,66.254,26,28,2,2.0,1.0
-1.01,-66.71300000000001,65.703,26,31,2,2.0,1.0
-1.01,-66.814,65.80399999999999,26,32,2,2.0,1.0
-4.021,-70.807,66.786,26,1,3,2.0,1.0
-4.021,-70.781,66.76,26,4,3,2.0,1.0
-4.021,-70.743,66.722,26,5,3,2.0,1.0
-1.01,-67.935,66.925,26,11,3,2.0,1.0
-4.021,-70.777,66.756,26,14,3,2.0,1.0
-4.021,-70.507,66.486,26,18,3,2.0,1.0
-4.021,-70.514,66.493,26,20,3,2.0,1.0
-4.021,-70.52199999999999,66.50099999999999,26,25,3,2.0,1.0
-4.021,-70.545,66.524,26,27,3,2.0,1.0
-4.021,-70.57,66.54899999999999,26,28,3,2.0,1.0
-7.031000000000001,-73.22800000000001,66.197,26,31,3,2.0,1.0
4.979,-61.88,66.85900000000001,27,9,1,21.0,1.0
15.979000000000001,-50.852,66.831,27,18,1,22.0,1.0
15.979000000000001,-50.92,66.899,27,19,1,22.0,1.0
15.979000000000001,-50.87,66.849,27,20,1,22.0,1.0
18.99,-48.273,67.263,27,21,1,22.0,1.0
18.99,-48.248999999999995,67.23899999999999,27,23,1,22.0,1.0
15.979000000000001,-50.86,66.839,27,25,1,22.0,1.0
15.979000000000001,-51.206,67.185,27,26,1,22.0,1.0
15.979000000000001,-50.881,66.86,27,27,1,22.0,1.0
15.979000000000001,-50.898999999999994,66.878,27,28,1,22.0,1.0
18.99,-48.244,67.234,27,30,1,22.0,1.0
18.99,-48.244,67.234,27,32,1,22.0,1.0
6.229,-61.548,67.777,27,3,2,21.25,1.0
11.208,-54.786,65.994,27,6,2,22.0,1.0
9.959,-56.11,66.069,27,14,2,22.0,1.0
11.208,-55.549,66.757,27,15,2,22.0,1.0
15.979000000000001,-49.905,65.884,27,17,2,22.0,1.0
15.979000000000001,-49.745,65.724,27,18,2,22.0,1.0
15.979000000000001,-49.818999999999996,65.798,27,19,2,22.0,1.0
15.979000000000001,-49.766999999999996,65.746,27,20,2,22.0,1.0
18.99,-47.169,66.15899999999999,27,21,2,22.0,1.0
15.979000000000001,-51.56100000000001,67.54,27,22,2,22.0,1.0
18.99,-47.167,66.157,27,23,2,22.0,1.0
15.979000000000001,-49.8,65.779,27,25,2,22.0,1.0
15.979000000000001,-49.882,65.861,27,26,2,22.0,1.0
15.979000000000001,-49.813,65.792,27,27,2,22.0,1.0
15.979000000000001,-49.821999999999996,65.801,27,28,2,22.0,1.0
18.99,-47.152,66.142,27,30,2,22.0,1.0
18.99,-47.20399999999999,66.19399999999999,27,32,2,22.0,1.0
4.01,-62.793,66.803,27,3,3,21.25,1.0
4.01,-62.695,66.705,27,6,3,21.0,1.0
4.01,-62.777,66.787,27,7,3,21.25,1.0
11.208,-55.838,67.046,27,8,3,22.0,1.0
4.979,-62.733000000000004,67.712,27,12,3,21.25,1.0
15.979000000000001,-50.85,66.82900000000001,27,17,3,22.0,1.0
15.979000000000001,-50.67,66.649,27,18,3,22.0,1.0
15.979000000000001,-50.766999999999996,66.746,27,19,3,22.0,1.0
15.979000000000001,-50.667,66.646,27,20,3,22.0,1.0
18.99,-48.051,67.041,27,21,3,22.0,1.0
18.99,-48.081,67.071,27,23,3,22.0,1.0
15.979000000000001,-50.695,66.674,27,25,3,22.0,1.0
15.979000000000001,-50.747,66.726,27,26,3,22.0,1.0
15.979000000000001,-50.715,66.694,27,27,3,22.0,1.0
18.99,-48.043,67.033,27,30,3,22.0,1.0
18.99,-48.053999999999995,67.044,27,32,3,22.0,1.0
4.01,-62.673,66.683,27,2,4,21.25,1.0
15.979000000000001,-50.742,66.721,27,17,4,22.0,1.0
15.979000000000001,-50.556999999999995,66.536,27,18,4,22.0,1.0
15.979000000000001,-50.655,66.634,27,19,4,22.0,1.0
15.979000000000001,-50.567,66.546,27,20,4,22.0,1.0
18.99,-47.945,66.935,27,21,4,22.0,1.0
18.99,-47.956,66.946,27,23,4,22.0,1.0
15.979000000000001,-50.632,66.611,27,25,4,22.0,1.0
15.979000000000001,-50.871,66.85000000000001,27,26,4,22.0,1.0
15.979000000000001,-50.621,66.60000000000001,27,27,4,22.0,1.0
15.979000000000001,-50.994,66.973,27,28,4,22.0,1.0
18.99,-47.983999999999995,66.97399999999999,27,30,4,22.0,1.0
18.99,-47.99100000000001,66.98100000000001,27,32,4,22.0,1.0
-27.01,-91.90299999999999,64.89299999999999,28,1,1,-15.5,1.0
-10.021,-74.85600000000001,64.83500000000001,28,2,1,6.0,1.0
-27.021,-91.99799999999999,64.97699999999999,28,3,1,-11.0,1.0
-9.031,-73.699,64.66799999999999,28,4,1,2.0,1.0
-27.031,-92.26899999999999,65.238,28,5,1,-13.5,1.0
-10.01,-74.843,64.833,28,6,1,4.0,1.0
-26.99,-91.98299999999999,64.993,28,7,1,-10.0,1.0
-7.021,-71.84,64.819,28,8,1,2.0,1.0
-25.99,-91.021,65.031,28,9,1,-9.0,1.0
-9.99,-74.783,64.793,28,10,1,4.0,1.0
-26.811999999999998,-91.89299999999999,65.08099999999999,28,11,1,-10.0,1.0
-9.99,-74.797,64.807,28,12,1,4.0,1.0
-26.99,-91.955,64.965,28,13,1,-13.0,1.0
-9.812000000000001,-74.676,64.864,28,14,1,7.0,1.0
-26.021,-90.921,64.9,28,15,1,-17.0,1.0
-10.01,-74.91,64.89999999999999,28,16,1,3.0,1.0
-27.021,-91.96,64.939,28,17,1,-21.0,1.0
-10.021,-74.89399999999999,64.87299999999999,28,18,1,-4.0,1.0
-27.021,-92.008,64.987,28,19,1,-21.0,1.0
-10.021,-74.904,64.883,28,20,1,-4.0,1.0
-27.021,-92.015,64.994,28,21,1,-21.0,1.0
-9.021,-73.928,64.907,28,22,1,-3.0,1.0
-27.01,-92.008,64.99799999999999,28,23,1,-22.5,1.0
-10.021,-74.84899999999999,64.82799999999999,28,24,1,-4.0,1.0
-27.021,-91.97200000000001,64.95100000000001,28,25,1,-21.0,1.0
-10.021,-74.90899999999999,64.88799999999999,28,26,1,-4.0,1.0
-27.021,-91.81700000000001,64.796,28,27,1,-21.0,1.0
-10.021,-74.9,64.879,28,28,1,-4.0,1.0
-28.021,-92.97,64.949,28,29,1,-22.0,1.0
-10.021,-74.931,64.91,28,30,1,-4.0,1.0
-26.021,-90.875,64.854,28,31,1,-20.0,1.0
-10.021,-74.79899999999999,64.77799999999999,28,32,1,-4.0,1.0
-27.031,-92.588,65.55699999999999,28,1,2,-18.0,1.0
-9.99,-75.518,65.528,28,2,2,4.0,1.0
-26.791999999999998,-92.015,65.223,28,3,2,-12.0,1.0
-9.031,-74.372,65.341,28,4,2,0.0,1.0
-26.031,-91.594,65.56299999999999,28,5,2,-17.0,1.0
-7.99,-73.541,65.551,28,6,2,7.0,1.0
-25.021,-90.682,65.661,28,7,2,-11.0,1.0
-9.021,-74.52,65.499,28,8,2,2.0,1.0
-27.021,-92.616,65.595,28,9,2,-11.0,1.0
-8.021,-73.471,65.45,28,10,2,1.0,1.0
-25.031,-90.605,65.57400000000001,28,11,2,-16.0,1.0
-8.021,-73.548,65.527,28,12,2,8.0,1.0
-26.99,-92.617,65.62700000000001,28,13,2,-12.0,1.0
-8.031,-73.405,65.374,28,14,2,1.0,1.0
-28.031,-93.538,65.507,28,15,2,-19.0,1.0
-9.041,-75.054,66.013,28,16,2,3.5,1.0
-27.021,-92.609,65.588,28,17,2,-21.0,1.0
-9.021,-74.445,65.42399999999999,28,18,2,-3.0,1.0
-28.021,-93.604,65.583,28,19,2,-22.0,1.0
-9.021,-74.434,65.413,28,20,2,-3.0,1.0
-28.021,-93.59299999999999,65.57199999999999,28,21,2,-22.0,1.0
-9.021,-74.467,65.446,28,22,2,-3.0,1.0
-27.021,-92.595,65.574,28,23,2,-21.0,1.0
-9.01,-74.429,65.419,28,24,2,-3.0,1.0
-27.021,-92.54700000000001,65.52600000000001,28,25,2,-21.0,1.0
-7.021,-72.47399999999999,65.45299999999999,28,26,2,-1.0,1.0
-26.01,-90.92200000000001,64.912,28,27,2,-19.5,1.0
-9.782,-74.78,64.998,28,28,2,-3.0,1.0
-28.01,-93.49,65.47999999999999,28,29,2,-22.0,1.0
-9.021,-74.454,65.43299999999999,28,30,2,-3.0,1.0
-28.021,-93.434,65.413,28,31,2,-22.0,1.0
-10.01,-75.44800000000001,65.438,28,32,2,-7.0,1.0
-25.811999999999998,-92.37100000000001,66.55900000000001,28,1,3,-13.0,1.0
-9.021,-75.5,66.479,28,2,3,7.0,1.0
-25.99,-92.50299999999999,66.51299999999999,28,3,3,-12.0,1.0
-8.021,-74.41199999999999,66.39099999999999,28,4,3,2.0,1.0
-24.811999999999998,-91.48899999999999,66.67699999999999,28,5,3,-8.0,1.0
-7.99,-74.447,66.45700000000001,28,6,3,8.0,1.0
-26.791999999999998,-93.109,66.317,28,7,3,-9.5,1.0
-9.021,-75.40100000000001,66.38000000000001,28,8,3,1.0,1.0
-25.99,-92.54799999999999,66.55799999999999,28,9,3,-12.0,1.0
-8.01,-74.36,66.35,28,10,3,4.0,1.0
-25.811999999999998,-92.456,66.644,28,11,3,-9.0,1.0
-7.99,-74.43,66.44000000000001,28,12,3,6.5,1.0
-27.021,-93.579,66.55799999999999,28,13,3,-11.5,1.0
-9.021,-75.346,66.325,28,14,3,0.0,1.0
-26.021,-92.49700000000001,66.47600000000001,28,15,3,-14.5,1.0
-8.99,-75.45100000000001,66.46100000000001,28,16,3,5.5,1.0
-26.021,-92.625,66.604,28,17,3,-20.0,1.0
-9.021,-75.436,66.415,28,18,3,-3.0,1.0
-27.021,-93.641,66.62,28,19,3,-21.0,1.0
-6.021,-72.455,66.434,28,20,3,0.0,1.0
-26.021,-92.635,66.614,28,21,3,-20.0,1.0
-9.01,-75.471,66.461,28,22,3,-3.0,1.0
-27.01,-93.175,66.16499999999999,28,23,3,-20.5,1.0
-8.021,-74.42699999999999,66.40599999999999,28,24,3,-2.0,1.0
-26.021,-92.539,66.518,28,25,3,-20.0,1.0
-8.021,-74.65100000000001,66.63000000000001,28,26,3,-2.5,1.0
-26.021,-92.314,66.29299999999999,28,27,3,-20.0,1.0
-8.021,-74.375,66.354,28,28,3,-2.0,1.0
-26.021,-92.61,66.589,28,29,3,-20.0,1.0
-9.021,-75.47,66.449,28,30,3,-3.0,1.0
-26.021,-92.38600000000001,66.36500000000001,28,31,3,-20.0,1.0
-9.021,-75.403,66.382,28,32,3,-4.5,1.0
-14.812000000000001,-81.502,66.69,29,2,1,2.0,1.0
-14.020999999999999,-81.089,67.068,29,3,1,2.0,1.0
-14.020999999999999,-81.495,67.474,29,6,1,2.0,1.0
-14.812000000000001,-81.565,66.753,29,10,1,2.0,1.0
-14.020999999999999,-81.616,67.595,29,13,1,2.0,1.0
-14.020999999999999,-81.214,67.193,29,14,1,2.0,1.0
-14.020999999999999,-81.65899999999999,67.63799999999999,29,18,1,2.0,1.0
-14.020999999999999,-81.67699999999999,67.65599999999999,29,20,1,2.0,1.0
-7.031000000000001,-73.46,66.42899999999999,29,31,1,2.0,1.0
-7.031000000000001,-73.275,66.244,29,32,1,2.0,1.0
-14.99,-82.706,67.71600000000001,29,2,2,2.0,1.0
-14.99,-82.69200000000001,67.70200000000001,29,4,2,2.0,1.0
-14.99,-82.632,67.64200000000001,29,6,2,2.0,1.0
-14.99,-82.805,67.81500000000001,29,7,2,2.0,1.0
-14.99,-82.816,67.82600000000001,29,9,2,2.0,1.0
-14.99,-82.69200000000001,67.70200000000001,29,14,2,2.0,1.0
-10.041,-78.02,67.979,29,15,2,2.0,1.0
-7.031000000000001,-74.6,67.56899999999999,29,16,2,2.0,1.0
-7.031000000000001,-74.383,67.35199999999999,29,31,2,2.0,1.0
-7.031000000000001,-74.597,67.56599999999999,29,32,2,2.0,1.0
-23.99,-91.13799999999999,67.148,30,1,1,-12.5,1.0
-14.99,-82.71799999999999,67.728,30,2,1,2.0,1.0
-25.021,-92.221,67.2,30,3,1,-11.0,1.0
-25.021,-92.12700000000001,67.10600000000001,30,5,1,-15.0,1.0
-24.99,-92.212,67.22200000000001,30,7,1,-14.0,1.0
-14.812000000000001,-82.609,67.797,30,8,1,2.0,1.0
-24.01,-91.068,67.05799999999999,30,9,1,-12.0,1.0
-25.01,-92.109,67.09899999999999,30,11,1,-13.0,1.0
-24.99,-92.2,67.21000000000001,30,13,1,-11.0,1.0
-25.01,-92.069,67.059,30,15,1,-19.0,1.0
-7.031000000000001,-74.42399999999999,67.39299999999999,30,16,1,2.0,1.0
-25.021,-92.124,67.103,30,17,1,-19.0,1.0
-5.021,-72.17,67.149,30,18,1,1.0,1.0
-25.021,-92.14200000000001,67.12100000000001,30,19,1,-19.0,1.0
-4.021,-71.584,67.563,30,20,1,2.0,1.0
-25.021,-92.98200000000001,67.96100000000001,30,21,1,-20.0,1.0
-5.021,-72.44800000000001,67.427,30,22,1,1.0,1.0
-25.021,-92.193,67.172,30,23,1,-19.0,1.0
-25.021,-92.15,67.129,30,25,1,-19.0,1.0
-5.021,-72.406,67.385,30,26,1,1.0,1.0
-25.021,-92.149,67.128,30,27,1,-19.0,1.0
-4.01,-71.532,67.52199999999999,30,28,1,-1.0,1.0
-25.021,-92.161,67.14,30,29,1,-19.0,1.0
-4.021,-71.518,67.497,30,30,1,2.0,1.0
-25.01,-91.79,66.78,30,31,1,-22.0,1.0
-25.811999999999998,-92.78200000000001,66.97000000000001,30,1,2,-11.0,1.0
-14.99,-82.709,67.71900000000001,30,2,2,2.0,1.0
-25.021,-92.154,67.133,30,3,2,-11.0,1.0
-25.031,-91.969,66.93799999999999,30,5,2,-16.0,1.0
-14.99,-82.719,67.729,30,6,2,2.0,1.0
-24.99,-92.125,67.135,30,7,2,-11.0,1.0
-25.99,-93.12200000000001,67.13200000000002,30,9,2,-11.0,1.0
-24.802,-91.84100000000001,67.03900000000002,30,11,2,-13.0,1.0
-24.99,-91.802,66.81200000000001,30,13,2,-13.0,1.0
-25.021,-92.44,67.419,30,15,2,-16.0,1.0
-7.031000000000001,-74.433,67.402,30,16,2,2.0,1.0
-26.021,-93.321,67.3,30,17,2,-20.0,1.0
-6.021,-73.28699999999999,67.26599999999999,30,18,2,0.0,1.0
-26.021,-93.21600000000001,67.19500000000001,30,19,2,-20.0,1.0
-4.021,-71.785,67.764,30,20,2,2.0,1.0
-25.021,-92.805,67.784,30,21,2,-20.0,1.0
-4.021,-71.842,67.821,30,22,2,2.0,1.0
-25.021,-92.49600000000001,67.47500000000001,30,23,2,-19.5,1.0
-5.021,-72.288,67.267,30,24,2,1.0,1.0
-26.01,-92.946,66.93599999999999,30,25,2,-20.0,1.0
-6.021,-73.48100000000001,67.46000000000001,30,26,2,0.0,1.0
-25.01,-92.346,67.336,30,27,2,-20.5,1.0
-5.021,-72.355,67.334,30,28,2,1.0,1.0
-25.021,-92.309,67.288,30,29,2,-19.0,1.0
-4.021,-71.704,67.68299999999999,30,30,2,2.0,1.0
-25.01,-92.056,67.04599999999999,30,31,2,-22.0,1.0
-6.021,-72.74,66.719,30,32,2,0.0,1.0
-25.99,-91.796,65.80600000000001,30,1,3,-12.5,1.0
-14.99,-81.181,66.191,30,2,3,2.0,1.0
-25.99,-91.719,65.729,30,3,3,-10.5,1.0
-26.99,-92.699,65.709,30,5,3,-18.0,1.0
-14.99,-81.192,66.202,30,6,3,2.0,1.0
-26.01,-91.73,65.72,30,7,3,-15.0,1.0
-25.99,-91.848,65.858,30,9,3,-10.0,1.0
-14.020999999999999,-81.078,67.057,30,10,3,2.0,1.0
-26.01,-91.697,65.687,30,11,3,-15.0,1.0
-8.792,-76.15,67.358,30,12,3,2.0,1.0
-25.99,-91.825,65.83500000000001,30,13,3,-9.5,1.0
-27.01,-92.595,65.585,30,15,3,-15.0,1.0
-6.01,-71.73899999999999,65.72899999999998,30,16,3,-0.5,1.0
-26.021,-91.72399999999999,65.70299999999999,30,17,3,-20.0,1.0
-6.021,-71.682,65.661,30,18,3,0.0,1.0
-26.021,-91.7,65.679,30,19,3,-20.0,1.0
-6.021,-71.676,65.655,30,20,3,0.0,1.0
-26.021,-92.23,66.209,30,21,3,-20.5,1.0
-6.021,-71.747,65.726,30,22,3,0.0,1.0
-26.021,-91.689,65.66799999999999,30,23,3,-20.0,1.0
-6.021,-73.262,67.241,30,24,3,0.0,1.0
-26.021,-91.70200000000001,65.68100000000001,30,25,3,-20.0,1.0
-6.021,-72.016,65.995,30,26,3,0.0,1.0
-26.021,-91.676,65.655,30,27,3,-20.0,1.0
-6.021,-71.71600000000001,65.69500000000001,30,28,3,0.0,1.0
-26.021,-91.70700000000001,65.686,30,29,3,-20.0,1.0
-6.021,-71.631,65.61,30,30,3,0.0,1.0
-26.031,-91.77600000000001,65.745,30,31,3,-18.5,1.0
-7.031000000000001,-72.89,65.859,30,32,3,2.0,1.0
-28.021,-94.831,66.81,31,1,1,-22.0,1.0
-5.021,-71.79,66.769,31,2,1,1.0,1.0
-28.021,-94.84899999999999,66.82799999999999,31,3,1,-22.0,1.0
-5.021,-71.749,66.728,31,4,1,1.0,1.0
-25.021,-91.76299999999999,66.74199999999999,31,5,1,-19.0,1.0
-6.021,-72.76899999999999,66.74799999999999,31,6,1,0.0,1.0
-27.021,-93.861,66.84,31,7,1,-21.0,1.0
-5.021,-71.748,66.727,31,8,1,1.0,1.0
-26.021,-92.86,66.839,31,9,1,-20.0,1.0
-5.021,-71.759,66.738,31,10,1,1.0,1.0
-28.021,-94.844,66.823,31,11,1,-22.0,1.0
-5.021,-71.788,66.767,31,12,1,1.0,1.0
-27.021,-93.851,66.83,31,13,1,-21.0,1.0
-6.021,-72.755,66.734,31,14,1,0.0,1.0
-25.021,-91.773,66.752,31,15,1,-19.0,1.0
-5.021,-71.795,66.774,31,16,1,1.0,1.0
-27.021,-93.762,66.741,31,17,1,-21.0,1.0
-5.021,-71.765,66.744,31,18,1,1.0,1.0
-27.021,-93.786,66.765,31,19,1,-19.0,1.0
-5.021,-71.779,66.758,31,20,1,1.0,1.0
-25.01,-91.91,66.89999999999999,31,21,1,-20.5,1.0
-5.01,-71.75399999999999,66.74399999999999,31,22,1,1.0,1.0
-25.01,-91.956,66.946,31,23,1,-22.0,1.0
-4.021,-70.9,66.879,31,24,1,2.0,1.0
-25.021,-91.84200000000001,66.82100000000001,31,25,1,-19.0,1.0
-5.021,-71.704,66.68299999999999,31,26,1,1.0,1.0
-25.021,-92.334,67.313,31,27,1,-19.5,1.0
-5.021,-71.736,66.715,31,28,1,1.0,1.0
-26.01,-92.863,66.853,31,29,1,-20.0,1.0
-4.01,-70.905,66.895,31,30,1,-1.0,1.0
-28.01,-94.803,66.79299999999999,31,31,1,-22.0,1.0
-5.01,-71.875,66.865,31,32,1,-2.0,1.0
-25.021,-90.84299999999999,65.82199999999999,31,1,2,-19.0,1.0
-7.021,-72.846,65.825,31,2,2,-1.0,1.0
-29.021,-94.90799999999999,65.88699999999999,31,3,2,-23.0,1.0
-5.021,-70.821,65.8,31,4,2,1.0,1.0
-29.021,-94.895,65.874,31,5,2,-23.0,1.0
-9.021,-74.842,65.821,31,6,2,-3.0,1.0
-29.021,-94.916,65.895,31,7,2,-23.0,1.0
-5.021,-70.846,65.825,31,8,2,1.0,1.0
-29.021,-94.959,65.938,31,9,2,-23.0,1.0
-9.021,-74.844,65.823,31,10,2,-3.0,1.0
-25.021,-90.834,65.813,31,11,2,-19.0,1.0
-9.021,-74.842,65.821,31,12,2,-3.0,1.0
-29.021,-94.956,65.935,31,13,2,-23.0,1.0
-6.021,-71.819,65.798,31,14,2,0.0,1.0
-29.021,-94.949,65.928,31,15,2,-23.0,1.0
-9.021,-74.83800000000001,65.81700000000001,31,16,2,-3.0,1.0
-28.021,-93.943,65.922,31,17,2,-22.0,1.0
-8.021,-74.33,66.309,31,18,2,-2.5,1.0
-25.021,-90.889,65.868,31,19,2,-19.0,1.0
-5.021,-70.818,65.797,31,20,2,1.0,1.0
-29.01,-94.973,65.963,31,21,2,-24.5,1.0
-9.01,-74.876,65.866,31,22,2,-6.0,1.0
-29.01,-94.993,65.98299999999999,31,23,2,-26.0,1.0
-9.01,-74.93,65.92,31,24,2,-6.0,1.0
-29.021,-94.914,65.893,31,25,2,-23.0,1.0
-9.021,-74.884,65.863,31,26,2,-3.0,1.0
-29.021,-94.904,65.883,31,27,2,-23.0,1.0
-6.021,-71.867,65.846,31,28,2,0.0,1.0
-29.01,-94.98200000000001,65.97200000000001,31,29,2,-26.0,1.0
-9.01,-74.97399999999999,65.96399999999998,31,30,2,-6.0,1.0
-29.01,-95.06299999999999,66.05299999999998,31,31,2,-26.0,1.0
5.01,-60.948,65.958,31,32,2,22.0,1.0
-29.021,-95.025,66.004,31,1,3,-23.0,1.0
-9.021,-74.975,65.954,31,2,3,-3.0,1.0
-29.021,-95.012,65.991,31,3,3,-23.0,1.0
-10.021,-75.997,65.976,31,4,3,-4.0,1.0
-27.021,-92.65299999999999,65.63199999999999,31,5,3,-21.0,1.0
-10.021,-75.97,65.949,31,6,3,-4.0,1.0
-29.021,-95.042,66.021,31,7,3,-23.0,1.0
-9.021,-74.967,65.946,31,8,3,-3.0,1.0
-29.021,-95.016,65.995,31,9,3,-23.0,1.0
-10.021,-75.985,65.964,31,10,3,-4.0,1.0
-27.021,-92.664,65.643,31,11,3,-21.0,1.0
-10.021,-75.987,65.966,31,12,3,-4.0,1.0
-29.021,-95.027,66.006,31,13,3,-23.0,1.0
-9.021,-74.66199999999999,65.64099999999999,31,14,3,-3.0,1.0
-29.021,-94.708,65.687,31,15,3,-23.0,1.0
-7.021,-72.96600000000001,65.94500000000001,31,16,3,-1.0,1.0
-29.021,-95.075,66.054,31,17,3,-23.0,1.0
-7.021,-72.923,65.902,31,18,3,-1.0,1.0
-29.021,-95.051,66.03,31,19,3,-23.0,1.0
-7.021,-72.952,65.931,31,20,3,-1.0,1.0
-29.01,-95.105,66.095,31,21,3,-26.0,1.0
-9.01,-75.017,66.00699999999999,31,22,3,-6.0,1.0
-27.01,-93.085,66.07499999999999,31,23,3,-24.0,1.0
-7.01,-73.023,66.01299999999999,31,24,3,-4.0,1.0
-27.021,-92.689,65.66799999999999,31,25,3,-21.0,1.0
-10.021,-75.98,65.959,31,26,3,-4.0,1.0
-26.021,-92.029,66.008,31,27,3,-20.0,1.0
-7.021,-72.98899999999999,65.96799999999999,31,28,3,-1.0,1.0
-29.01,-95.11,66.1,31,29,3,-26.0,1.0
-10.01,-76.0,65.99,31,30,3,-7.0,1.0
-29.01,-95.073,66.06299999999999,31,31,3,-26.0,1.0
-7.01,-72.749,65.73899999999999,31,32,3,-4.0,1.0
-25.021,-92.022,67.001,31,1,4,-19.0,1.0
-5.021,-71.973,66.952,31,2,4,1.0,1.0
-25.021,-92.02600000000001,67.00500000000001,31,3,4,-19.0,1.0
-5.021,-71.946,66.925,31,4,4,1.0,1.0
-25.021,-92.024,67.003,31,5,4,-19.0,1.0
-7.021,-73.93,66.909,31,6,4,-1.0,1.0
-26.021,-93.04299999999999,67.02199999999999,31,7,4,-20.0,1.0
-6.021,-72.953,66.932,31,8,4,0.0,1.0
-27.021,-94.02,66.999,31,9,4,-21.0,1.0
-7.021,-73.96,66.939,31,10,4,-1.0,1.0
-25.021,-91.971,66.95,31,11,4,-19.0,1.0
-7.021,-73.97800000000001,66.95700000000001,31,12,4,-1.0,1.0
-25.021,-92.039,67.018,31,13,4,-19.0,1.0
-8.021,-74.93,66.909,31,14,4,-2.0,1.0
-25.021,-92.04899999999999,67.02799999999999,31,15,4,-19.0,1.0
-6.021,-72.976,66.955,31,16,4,0.0,1.0
-25.021,-91.883,66.862,31,17,4,-19.0,1.0
-5.021,-72.021,67.0,31,18,4,1.0,1.0
-27.021,-93.947,66.926,31,19,4,-19.5,1.0
-5.021,-71.949,66.928,31,20,4,1.0,1.0
-27.01,-94.054,67.044,31,21,4,-24.0,1.0
-5.01,-71.925,66.91499999999999,31,22,4,2.0,1.0
-25.01,-91.94,66.92999999999999,31,23,4,-20.5,1.0
-5.01,-71.917,66.907,31,24,4,1.0,1.0
-27.021,-94.04700000000001,67.02600000000001,31,25,4,-21.0,1.0
-8.021,-74.888,66.867,31,26,4,-2.0,1.0
-27.021,-94.046,67.025,31,27,4,-21.0,1.0
-7.021,-73.92,66.899,31,28,4,0.5,1.0
-25.01,-91.889,66.87899999999999,31,29,4,-18.0,1.0
-5.01,-72.055,67.045,31,30,4,-2.0,1.0
-25.021,-91.821,66.8,31,31,4,-19.0,1.0
-5.01,-72.016,67.006,31,32,4,-2.0,1.0
15.979000000000001,-49.782,65.761,32,1,1,22.0,1.0
15.979000000000001,-49.641999999999996,65.621,32,4,1,22.0,1.0
15.979000000000001,-49.573,65.552,32,5,1,22.0,1.0
15.979000000000001,-49.574,65.553,32,8,1,22.0,1.0
15.979000000000001,-49.715,65.694,32,10,1,22.0,1.0
15.979000000000001,-49.606,65.58500000000001,32,11,1,22.0,1.0
15.979000000000001,-49.54600000000001,65.525,32,14,1,22.0,1.0
15.979000000000001,-49.82,65.799,32,15,1,22.0,1.0
15.979000000000001,-49.373000000000005,65.352,32,17,1,22.0,1.0
15.979000000000001,-49.288999999999994,65.268,32,18,1,22.0,1.0
15.979000000000001,-51.232,67.211,32,19,1,22.0,1.0
15.979000000000001,-49.388000000000005,65.367,32,20,1,22.0,1.0
15.979000000000001,-49.281000000000006,65.26,32,21,1,22.0,1.0
15.979000000000001,-49.315,65.294,32,23,1,22.0,1.0
15.979000000000001,-51.815,67.794,32,24,1,22.0,1.0
15.979000000000001,-49.361999999999995,65.341,32,25,1,22.0,1.0
15.979000000000001,-51.55,67.529,32,26,1,22.0,1.0
15.979000000000001,-49.355,65.334,32,27,1,22.0,1.0
15.979000000000001,-49.424,65.403,32,29,1,22.0,1.0
15.979000000000001,-49.388000000000005,65.367,32,30,1,22.0,1.0
15.979000000000001,-49.716,65.69500000000001,32,31,1,22.0,1.0
15.979000000000001,-49.282,65.261,32,32,1,22.0,1.0
15.979000000000001,-51.419,67.398,32,1,2,22.0,1.0
15.979000000000001,-51.33,67.309,32,4,2,22.0,1.0
15.979000000000001,-51.339,67.318,32,5,2,22.0,1.0
15.979000000000001,-51.416000000000004,67.39500000000001,32,8,2,22.0,1.0
15.979000000000001,-51.391999999999996,67.371,32,10,2,22.0,1.0
15.979000000000001,-51.391000000000005,67.37,32,11,2,22.0,1.0
15.979000000000001,-51.288000000000004,67.26700000000001,32,14,2,22.0,1.0
15.979000000000001,-51.504,67.483,32,15,2,22.0,1.0
15.979000000000001,-51.758,67.73700000000001,32,17,2,22.0,1.0
15.979000000000001,-51.159,67.138,32,18,2,22.0,1.0
15.979000000000001,-51.176,67.155,32,20,2,22.0,1.0
15.979000000000001,-51.138999999999996,67.118,32,21,2,22.0,1.0
15.979000000000001,-51.07,67.049,32,23,2,22.0,1.0
15.979000000000001,-51.211999999999996,67.191,32,25,2,22.0,1.0
15.979000000000001,-51.332,67.311,32,27,2,22.0,1.0
15.979000000000001,-51.251000000000005,67.23,32,29,2,22.0,1.0
15.979000000000001,-51.102,67.081,32,30,2,22.0,1.0
15.979000000000001,-51.222,67.20100000000001,32,31,2,22.0,1.0
15.979000000000001,-51.089,67.068,32,32,2,22.0,1.0
15.979000000000001,-50.625,66.604,32,1,3,22.0,1.0
15.979000000000001,-50.888999999999996,66.868,32,4,3,22.0,1.0
15.979000000000001,-51.235,67.214,32,5,3,22.0,1.0
15.979000000000001,-51.222,67.20100000000001,32,8,3,22.0,1.0
15.979000000000001,-51.202,67.181,32,10,3,22.0,1.0
15.979000000000001,-51.045,67.024,32,11,3,22.0,1.0
15.979000000000001,-50.175,66.154,32,14,3,22.0,1.0
15.979000000000001,-51.187,67.166,32,15,3,22.0,1.0
15.979000000000001,-50.028,66.007,32,18,3,22.0,1.0
15.979000000000001,-50.385,66.364,32,19,3,22.0,1.0
15.979000000000001,-50.405,66.384,32,20,3,22.0,1.0
15.979000000000001,-50.793,66.772,32,21,3,22.0,1.0
15.979000000000001,-50.483999999999995,66.463,32,23,3,22.0,1.0
15.979000000000001,-51.847,67.82600000000001,32,24,3,22.0,1.0
15.979000000000001,-51.016000000000005,66.995,32,25,3,22.0,1.0
15.979000000000001,-50.324,66.303,32,27,3,22.0,1.0
15.979000000000001,-50.784,66.763,32,30,3,22.0,1.0
15.979000000000001,-50.483999999999995,66.463,32,31,3,22.0,1.0
15.979000000000001,-50.773999999999994,66.753,32,32,3,22.0,1.0